[{"model": "contenttypes.contenttype", "pk": 1, "fields": {"app_label": "admin", "model": "logentry"}}, {"model": "contenttypes.contenttype", "pk": 2, "fields": {"app_label": "auth", "model": "permission"}}, {"model": "contenttypes.contenttype", "pk": 3, "fields": {"app_label": "auth", "model": "group"}}, {"model": "contenttypes.contenttype", "pk": 4, "fields": {"app_label": "auth", "model": "user"}}, {"model": "contenttypes.contenttype", "pk": 5, "fields": {"app_label": "contenttypes", "model": "contenttype"}}, {"model": "contenttypes.contenttype", "pk": 6, "fields": {"app_label": "sessions", "model": "session"}}, {"model": "contenttypes.contenttype", "pk": 7, "fields": {"app_label": "article", "model": "articlepost"}}, {"model": "contenttypes.contenttype", "pk": 8, "fields": {"app_label": "userprofile", "model": "profile"}}, {"model": "contenttypes.contenttype", "pk": 9, "fields": {"app_label": "comment", "model": "comment"}}, {"model": "contenttypes.contenttype", "pk": 10, "fields": {"app_label": "article", "model": "articlecolumn"}}, {"model": "contenttypes.contenttype", "pk": 11, "fields": {"app_label": "taggit", "model": "tag"}}, {"model": "contenttypes.contenttype", "pk": 12, "fields": {"app_label": "taggit", "model": "taggeditem"}}, {"model": "contenttypes.contenttype", "pk": 13, "fields": {"app_label": "notifications", "model": "notification"}}, {"model": "contenttypes.contenttype", "pk": 14, "fields": {"app_label": "sites", "model": "site"}}, {"model": "contenttypes.contenttype", "pk": 15, "fields": {"app_label": "account", "model": "emailaddress"}}, {"model": "contenttypes.contenttype", "pk": 16, "fields": {"app_label": "account", "model": "emailconfirmation"}}, {"model": "contenttypes.contenttype", "pk": 17, "fields": {"app_label": "socialaccount", "model": "socialaccount"}}, {"model": "contenttypes.contenttype", "pk": 18, "fields": {"app_label": "socialaccount", "model": "socialapp"}}, {"model": "contenttypes.contenttype", "pk": 19, "fields": {"app_label": "socialaccount", "model": "socialtoken"}}, {"model": "sessions.session", "pk": "225ywalfzw79uyt7d4ogpnit2yjahhei", "fields": {"session_data": "MWEyZTdiZTJmN2NhZWU2NjkyMjVhYWU5MzdlZDI2ZGQwMzFjNWExOTp7Il9hdXRoX3VzZXJfaWQiOiIxNCIsIl9hdXRoX3VzZXJfYmFja2VuZCI6ImRqYW5nby5jb250cmliLmF1dGguYmFja2VuZHMuTW9kZWxCYWNrZW5kIiwiX2F1dGhfdXNlcl9oYXNoIjoiZTVlMWEyYWE0MmYyMjVkNjYyZGY2Yjk4N2EzZWVmMzAwY2FhMjc5YyJ9", "expire_date": "2019-04-01T12:52:37.044Z"}}, {"model": "sessions.session", "pk": "28vqeajj3y0zy3q0mezydp3u9e1njc7i", "fields": {"session_data": "MWEyZTdiZTJmN2NhZWU2NjkyMjVhYWU5MzdlZDI2ZGQwMzFjNWExOTp7Il9hdXRoX3VzZXJfaWQiOiIxNCIsIl9hdXRoX3VzZXJfYmFja2VuZCI6ImRqYW5nby5jb250cmliLmF1dGguYmFja2VuZHMuTW9kZWxCYWNrZW5kIiwiX2F1dGhfdXNlcl9oYXNoIjoiZTVlMWEyYWE0MmYyMjVkNjYyZGY2Yjk4N2EzZWVmMzAwY2FhMjc5YyJ9", "expire_date": "2019-03-11T12:05:34.668Z"}}, {"model": "sessions.session", "pk": "4fz9xc79kc4leyzxaxpqrfxb4itdlk09", "fields": {"session_data": "YWY3M2FmMjM5ZDE2MTA4MGMxNzQ1NjQ5MjliMWI4NmMzYTE5ZTFiNTp7fQ==", "expire_date": "2018-12-18T06:36:36.939Z"}}, {"model": "sessions.session", "pk": "4gooobtlwmpphwgv1moo57o19g5lj4tg", "fields": {"session_data": "MjZiMDg0NWYzOGU1YzQ0ODYyZTI0YzJmY2M2MTE5Y2JkMmRhODFhNDp7ImFjY291bnRfdmVyaWZpZWRfZW1haWwiOm51bGwsImFjY291bnRfdXNlciI6IjE1IiwiX2F1dGhfdXNlcl9pZCI6IjQxIiwiX2F1dGhfdXNlcl9iYWNrZW5kIjoiYWxsYXV0aC5hY2NvdW50LmF1dGhfYmFja2VuZHMuQXV0aGVudGljYXRpb25CYWNrZW5kIiwiX2F1dGhfdXNlcl9oYXNoIjoiYWJhNmZhNWFhZjY1YjVkYjYyMDg0OTk3NzIxOThlYjhhMDhiMzQ3YSJ9", "expire_date": "2019-09-17T13:48:03.274Z"}}, {"model": "sessions.session", "pk": "4xojqq0m7soohexl5sfv27hwxihn5mf7", "fields": {"session_data": "NjkzMGEyZjVmNzcxNDM3OTYzYTM5Y2Y2NzU4MTQzOTRlZjE3NDllMDp7Il9hdXRoX3VzZXJfaWQiOiIxNCIsIl9hdXRoX3VzZXJfYmFja2VuZCI6ImRqYW5nby5jb250cmliLmF1dGguYmFja2VuZHMuTW9kZWxCYWNrZW5kIiwiX2F1dGhfdXNlcl9oYXNoIjoiZWQxNzQyYzBjOGVjZGFhMmYxYTAxMzRlOGJiOWUyMjFmNGI5ZTFlMCJ9", "expire_date": "2019-08-27T14:26:48.499Z"}}, {"model": "sessions.session", "pk": "7rn6jg4ez8ozt0gphki6e53a8zzxwl4u", "fields": {"session_data": "MWEyZTdiZTJmN2NhZWU2NjkyMjVhYWU5MzdlZDI2ZGQwMzFjNWExOTp7Il9hdXRoX3VzZXJfaWQiOiIxNCIsIl9hdXRoX3VzZXJfYmFja2VuZCI6ImRqYW5nby5jb250cmliLmF1dGguYmFja2VuZHMuTW9kZWxCYWNrZW5kIiwiX2F1dGhfdXNlcl9oYXNoIjoiZTVlMWEyYWE0MmYyMjVkNjYyZGY2Yjk4N2EzZWVmMzAwY2FhMjc5YyJ9", "expire_date": "2019-05-05T12:20:33.943Z"}}, {"model": "sessions.session", "pk": "9o576lr6b3iqr7e8gdfoch51defj9rzw", "fields": {"session_data": "NDYwNDg5MGRkNzEzMTU1N2Q4ZWJjN2M3YTljMjE0MzljNjdiMjVmNDp7Il9hdXRoX3VzZXJfaWQiOiIxNCIsIl9hdXRoX3VzZXJfYmFja2VuZCI6ImRqYW5nby5jb250cmliLmF1dGguYmFja2VuZHMuTW9kZWxCYWNrZW5kIiwiX2F1dGhfdXNlcl9oYXNoIjoiZWQxNzQyYzBjOGVjZGFhMmYxYTAxMzRlOGJiOWUyMjFmNGI5ZTFlMCIsIl9zZXNzaW9uX2V4cGlyeSI6MTIwOTYwMH0=", "expire_date": "2020-08-05T01:46:33.002Z"}}, {"model": "sessions.session", "pk": "9sx3jr0jm72o9op4tf2tby3sqs6v3il2", "fields": {"session_data": "NjkzMGEyZjVmNzcxNDM3OTYzYTM5Y2Y2NzU4MTQzOTRlZjE3NDllMDp7Il9hdXRoX3VzZXJfaWQiOiIxNCIsIl9hdXRoX3VzZXJfYmFja2VuZCI6ImRqYW5nby5jb250cmliLmF1dGguYmFja2VuZHMuTW9kZWxCYWNrZW5kIiwiX2F1dGhfdXNlcl9oYXNoIjoiZWQxNzQyYzBjOGVjZGFhMmYxYTAxMzRlOGJiOWUyMjFmNGI5ZTFlMCJ9", "expire_date": "2019-10-08T13:57:13.531Z"}}, {"model": "sessions.session", "pk": "bnc405cal1wr7hjr2pl7txeyhbtojwkx", "fields": {"session_data": "ZDdiMmQzM2QwNGNhZDFmN2M5ZjJmYmY2NDliY2U3ZTc3Mjg0YzcwZjp7Il9hdXRoX3VzZXJfaWQiOiIxMyIsIl9hdXRoX3VzZXJfYmFja2VuZCI6ImRqYW5nby5jb250cmliLmF1dGguYmFja2VuZHMuTW9kZWxCYWNrZW5kIiwiX2F1dGhfdXNlcl9oYXNoIjoiMzVkMWFiYjE5MTgzZTJiN2MwYjM0NDNkNjZmYzZiZjlhZTg4OTQ3ZSJ9", "expire_date": "2018-11-18T09:59:14.793Z"}}, {"model": "sessions.session", "pk": "daoire2pe6wq2h07m075cbtf9z9hzlik", "fields": {"session_data": "Y2ZiYmNjMGE5YTFjYjIyNzAyNjg5OWVkZDkwNjRjYjUwN2ZhNTcyMDp7InNvY2lhbGFjY291bnRfc3RhdGUiOlt7InByb2Nlc3MiOiJsb2dpbiIsInNjb3BlIjoiIiwiYXV0aF9wYXJhbXMiOiIifSwiZUFKUTc4dlFQWjMwIl19", "expire_date": "2022-10-11T12:17:22.402Z"}}, {"model": "sessions.session", "pk": "fzan27qeml8dgka7zjsh4tyudldz40wt", "fields": {"session_data": "YzMxZDQwZmYwYzQ5OTVmMmE0NDBiZTU2NzNiYmY5M2M1YmUzODA3Yjp7Il9hdXRoX3VzZXJfaWQiOiIxNSIsIl9hdXRoX3VzZXJfYmFja2VuZCI6ImRqYW5nby5jb250cmliLmF1dGguYmFja2VuZHMuTW9kZWxCYWNrZW5kIiwiX2F1dGhfdXNlcl9oYXNoIjoiMjE4NTljOTg3YzJiNTZlOTRiNGJmOTA0MGYzNmQyMjg0MTVhZTkwZSJ9", "expire_date": "2019-06-14T13:01:03.252Z"}}, {"model": "sessions.session", "pk": "h2az7ueg8c9ha4f9a3wdbonje2znmstr", "fields": {"session_data": "YWY3M2FmMjM5ZDE2MTA4MGMxNzQ1NjQ5MjliMWI4NmMzYTE5ZTFiNTp7fQ==", "expire_date": "2018-12-18T06:36:22.371Z"}}, {"model": "sessions.session", "pk": "id2j4u3o0idwfin5ycvvh5xf7nm81ayo", "fields": {"session_data": "MTIwZGY2Yjk4MTU0YjA2ZjQ1YzBkZjVkZWUyZDQ0NTg4MTZmODU1Njp7Il9hdXRoX3VzZXJfaWQiOiIzMSIsIl9hdXRoX3VzZXJfYmFja2VuZCI6ImRqYW5nby5jb250cmliLmF1dGguYmFja2VuZHMuTW9kZWxCYWNrZW5kIiwiX2F1dGhfdXNlcl9oYXNoIjoiODBiOWM0NWNjMDVlOGU1NWRiODE4M2RlYjM5OGNlMDQ2OWM0NjZlYiJ9", "expire_date": "2019-07-03T14:01:47.562Z"}}, {"model": "sessions.session", "pk": "jh78wbiaolm6eaibsbkwkqogk1f4v6jx", "fields": {"session_data": "NjkzMGEyZjVmNzcxNDM3OTYzYTM5Y2Y2NzU4MTQzOTRlZjE3NDllMDp7Il9hdXRoX3VzZXJfaWQiOiIxNCIsIl9hdXRoX3VzZXJfYmFja2VuZCI6ImRqYW5nby5jb250cmliLmF1dGguYmFja2VuZHMuTW9kZWxCYWNrZW5kIiwiX2F1dGhfdXNlcl9oYXNoIjoiZWQxNzQyYzBjOGVjZGFhMmYxYTAxMzRlOGJiOWUyMjFmNGI5ZTFlMCJ9", "expire_date": "2019-07-08T06:26:47.813Z"}}, {"model": "sessions.session", "pk": "k0txdr1cj4dfp8fglktqmzs6ea7aii3x", "fields": {"session_data": "NjkzMGEyZjVmNzcxNDM3OTYzYTM5Y2Y2NzU4MTQzOTRlZjE3NDllMDp7Il9hdXRoX3VzZXJfaWQiOiIxNCIsIl9hdXRoX3VzZXJfYmFja2VuZCI6ImRqYW5nby5jb250cmliLmF1dGguYmFja2VuZHMuTW9kZWxCYWNrZW5kIiwiX2F1dGhfdXNlcl9oYXNoIjoiZWQxNzQyYzBjOGVjZGFhMmYxYTAxMzRlOGJiOWUyMjFmNGI5ZTFlMCJ9", "expire_date": "2019-06-01T11:00:00.994Z"}}, {"model": "sessions.session", "pk": "k73hi96ts08inyhfa35nw7xnfddp98mv", "fields": {"session_data": "MWEyZTdiZTJmN2NhZWU2NjkyMjVhYWU5MzdlZDI2ZGQwMzFjNWExOTp7Il9hdXRoX3VzZXJfaWQiOiIxNCIsIl9hdXRoX3VzZXJfYmFja2VuZCI6ImRqYW5nby5jb250cmliLmF1dGguYmFja2VuZHMuTW9kZWxCYWNrZW5kIiwiX2F1dGhfdXNlcl9oYXNoIjoiZTVlMWEyYWE0MmYyMjVkNjYyZGY2Yjk4N2EzZWVmMzAwY2FhMjc5YyJ9", "expire_date": "2019-02-12T10:43:22.162Z"}}, {"model": "sessions.session", "pk": "kszh0shwcmch6eyhz8ali8euxti973jj", "fields": {"session_data": "NjkzMGEyZjVmNzcxNDM3OTYzYTM5Y2Y2NzU4MTQzOTRlZjE3NDllMDp7Il9hdXRoX3VzZXJfaWQiOiIxNCIsIl9hdXRoX3VzZXJfYmFja2VuZCI6ImRqYW5nby5jb250cmliLmF1dGguYmFja2VuZHMuTW9kZWxCYWNrZW5kIiwiX2F1dGhfdXNlcl9oYXNoIjoiZWQxNzQyYzBjOGVjZGFhMmYxYTAxMzRlOGJiOWUyMjFmNGI5ZTFlMCJ9", "expire_date": "2019-06-19T08:37:55.260Z"}}, {"model": "sessions.session", "pk": "ls299pojh4n2md6p0djkl6r8w5zea4kz", "fields": {"session_data": "NjkzMGEyZjVmNzcxNDM3OTYzYTM5Y2Y2NzU4MTQzOTRlZjE3NDllMDp7Il9hdXRoX3VzZXJfaWQiOiIxNCIsIl9hdXRoX3VzZXJfYmFja2VuZCI6ImRqYW5nby5jb250cmliLmF1dGguYmFja2VuZHMuTW9kZWxCYWNrZW5kIiwiX2F1dGhfdXNlcl9oYXNoIjoiZWQxNzQyYzBjOGVjZGFhMmYxYTAxMzRlOGJiOWUyMjFmNGI5ZTFlMCJ9", "expire_date": "2019-07-20T16:31:29.929Z"}}, {"model": "sessions.session", "pk": "mhu31qsr7u8nbfkc9wttqlvznxx5qpvs", "fields": {"session_data": "YTRhODkxNTVlOTNkOWQwN2UyMDIwZmQzZDdhNGM2MDNlMDNkYzFkODp7Il9hdXRoX3VzZXJfaWQiOiIxIiwiX2F1dGhfdXNlcl9iYWNrZW5kIjoiZGphbmdvLmNvbnRyaWIuYXV0aC5iYWNrZW5kcy5Nb2RlbEJhY2tlbmQiLCJfYXV0aF91c2VyX2hhc2giOiI3NzU3NzBhZjBjNjBjMGUyM2M5ZjFhZjc3ZjM4Y2MzY2Q2MjIxYzg3In0=", "expire_date": "2018-09-20T10:53:28.732Z"}}, {"model": "sessions.session", "pk": "nhndt5vptyz2ho2cn18mzkkmyxux08k1", "fields": {"session_data": "MWEyZTdiZTJmN2NhZWU2NjkyMjVhYWU5MzdlZDI2ZGQwMzFjNWExOTp7Il9hdXRoX3VzZXJfaWQiOiIxNCIsIl9hdXRoX3VzZXJfYmFja2VuZCI6ImRqYW5nby5jb250cmliLmF1dGguYmFja2VuZHMuTW9kZWxCYWNrZW5kIiwiX2F1dGhfdXNlcl9oYXNoIjoiZTVlMWEyYWE0MmYyMjVkNjYyZGY2Yjk4N2EzZWVmMzAwY2FhMjc5YyJ9", "expire_date": "2019-01-15T03:19:16.397Z"}}, {"model": "sessions.session", "pk": "pjmmkasogajaluajldxh0hk8a1a7a6xn", "fields": {"session_data": "NjkzMGEyZjVmNzcxNDM3OTYzYTM5Y2Y2NzU4MTQzOTRlZjE3NDllMDp7Il9hdXRoX3VzZXJfaWQiOiIxNCIsIl9hdXRoX3VzZXJfYmFja2VuZCI6ImRqYW5nby5jb250cmliLmF1dGguYmFja2VuZHMuTW9kZWxCYWNrZW5kIiwiX2F1dGhfdXNlcl9oYXNoIjoiZWQxNzQyYzBjOGVjZGFhMmYxYTAxMzRlOGJiOWUyMjFmNGI5ZTFlMCJ9", "expire_date": "2019-07-24T13:45:15.708Z"}}, {"model": "sessions.session", "pk": "q54yjga8szage1a6iwepoi12di75fcml", "fields": {"session_data": "NjkzMGEyZjVmNzcxNDM3OTYzYTM5Y2Y2NzU4MTQzOTRlZjE3NDllMDp7Il9hdXRoX3VzZXJfaWQiOiIxNCIsIl9hdXRoX3VzZXJfYmFja2VuZCI6ImRqYW5nby5jb250cmliLmF1dGguYmFja2VuZHMuTW9kZWxCYWNrZW5kIiwiX2F1dGhfdXNlcl9oYXNoIjoiZWQxNzQyYzBjOGVjZGFhMmYxYTAxMzRlOGJiOWUyMjFmNGI5ZTFlMCJ9", "expire_date": "2019-07-21T14:56:59.483Z"}}, {"model": "sessions.session", "pk": "s8a1garqj0f7r5kx5jamge7kjzbfs1qx", "fields": {"session_data": "YTRhODkxNTVlOTNkOWQwN2UyMDIwZmQzZDdhNGM2MDNlMDNkYzFkODp7Il9hdXRoX3VzZXJfaWQiOiIxIiwiX2F1dGhfdXNlcl9iYWNrZW5kIjoiZGphbmdvLmNvbnRyaWIuYXV0aC5iYWNrZW5kcy5Nb2RlbEJhY2tlbmQiLCJfYXV0aF91c2VyX2hhc2giOiI3NzU3NzBhZjBjNjBjMGUyM2M5ZjFhZjc3ZjM4Y2MzY2Q2MjIxYzg3In0=", "expire_date": "2018-10-01T12:01:08.638Z"}}, {"model": "sessions.session", "pk": "scts6n0fmiu6k28hyb6ikdsa1i7u8cqb", "fields": {"session_data": "MjVjYjU0MzUxZGNlMDEyYzk2MjIyMjM4ZTE0Nzc1ZTU0MTBjYmEyOTp7InNvY2lhbGFjY291bnRfc3RhdGUiOlt7InByb2Nlc3MiOiJsb2dpbiIsInNjb3BlIjoiIiwiYXV0aF9wYXJhbXMiOiIifSwidTl4NERoUzh1dlpKIl19", "expire_date": "2022-10-11T03:58:38.209Z"}}, {"model": "sessions.session", "pk": "sd3dm23el77w8uyo6pt0794b759cw3jt", "fields": {"session_data": "OTkzOTEzZWUyNmYwYWFmOTFlNmQxN2RiMzA5YTMwZjgxNzBlN2U4Nzp7Il9hdXRoX3VzZXJfaWQiOiIxNSIsIl9hdXRoX3VzZXJfYmFja2VuZCI6ImRqYW5nby5jb250cmliLmF1dGguYmFja2VuZHMuTW9kZWxCYWNrZW5kIiwiX2F1dGhfdXNlcl9oYXNoIjoiMGEzZTQ1ZDdlYzc2Y2M1ZjY1NTQ0NzRmN2Q1NmQ3MWRjZTRjNTM0NSJ9", "expire_date": "2019-05-18T11:33:05.614Z"}}, {"model": "sessions.session", "pk": "uotsc70tan04x280xzhiho7lvypccrqh", "fields": {"session_data": "MWEyZTdiZTJmN2NhZWU2NjkyMjVhYWU5MzdlZDI2ZGQwMzFjNWExOTp7Il9hdXRoX3VzZXJfaWQiOiIxNCIsIl9hdXRoX3VzZXJfYmFja2VuZCI6ImRqYW5nby5jb250cmliLmF1dGguYmFja2VuZHMuTW9kZWxCYWNrZW5kIiwiX2F1dGhfdXNlcl9oYXNoIjoiZTVlMWEyYWE0MmYyMjVkNjYyZGY2Yjk4N2EzZWVmMzAwY2FhMjc5YyJ9", "expire_date": "2018-12-18T13:48:57.782Z"}}, {"model": "sessions.session", "pk": "usa4w3yrcufy0bytej64pt6m07wgxgye", "fields": {"session_data": "MWEyZTdiZTJmN2NhZWU2NjkyMjVhYWU5MzdlZDI2ZGQwMzFjNWExOTp7Il9hdXRoX3VzZXJfaWQiOiIxNCIsIl9hdXRoX3VzZXJfYmFja2VuZCI6ImRqYW5nby5jb250cmliLmF1dGguYmFja2VuZHMuTW9kZWxCYWNrZW5kIiwiX2F1dGhfdXNlcl9oYXNoIjoiZTVlMWEyYWE0MmYyMjVkNjYyZGY2Yjk4N2EzZWVmMzAwY2FhMjc5YyJ9", "expire_date": "2019-02-26T14:09:19.154Z"}}, {"model": "sessions.session", "pk": "yi0cacfogvs81oqeg1arv2dsusjlh99l", "fields": {"session_data": "MWEyZTdiZTJmN2NhZWU2NjkyMjVhYWU5MzdlZDI2ZGQwMzFjNWExOTp7Il9hdXRoX3VzZXJfaWQiOiIxNCIsIl9hdXRoX3VzZXJfYmFja2VuZCI6ImRqYW5nby5jb250cmliLmF1dGguYmFja2VuZHMuTW9kZWxCYWNrZW5kIiwiX2F1dGhfdXNlcl9oYXNoIjoiZTVlMWEyYWE0MmYyMjVkNjYyZGY2Yjk4N2EzZWVmMzAwY2FhMjc5YyJ9", "expire_date": "2019-01-02T12:34:02.690Z"}}, {"model": "sessions.session", "pk": "ytab818g1gn1k60rowz0q43y76x6olgm", "fields": {"session_data": "MTIwZGY2Yjk4MTU0YjA2ZjQ1YzBkZjVkZWUyZDQ0NTg4MTZmODU1Njp7Il9hdXRoX3VzZXJfaWQiOiIzMSIsIl9hdXRoX3VzZXJfYmFja2VuZCI6ImRqYW5nby5jb250cmliLmF1dGguYmFja2VuZHMuTW9kZWxCYWNrZW5kIiwiX2F1dGhfdXNlcl9oYXNoIjoiODBiOWM0NWNjMDVlOGU1NWRiODE4M2RlYjM5OGNlMDQ2OWM0NjZlYiJ9", "expire_date": "2019-07-03T14:01:48.732Z"}}, {"model": "sessions.session", "pk": "zas65zlkotcyh5xizgneout6lvebbpgt", "fields": {"session_data": "NjkzMGEyZjVmNzcxNDM3OTYzYTM5Y2Y2NzU4MTQzOTRlZjE3NDllMDp7Il9hdXRoX3VzZXJfaWQiOiIxNCIsIl9hdXRoX3VzZXJfYmFja2VuZCI6ImRqYW5nby5jb250cmliLmF1dGguYmFja2VuZHMuTW9kZWxCYWNrZW5kIiwiX2F1dGhfdXNlcl9oYXNoIjoiZWQxNzQyYzBjOGVjZGFhMmYxYTAxMzRlOGJiOWUyMjFmNGI5ZTFlMCJ9", "expire_date": "2019-07-05T12:30:50.921Z"}}, {"model": "sites.site", "pk": 1, "fields": {"domain": "http://127.0.0.1:8000", "name": "http://127.0.0.1:8000"}}, {"model": "socialaccount.socialapp", "pk": 1, "fields": {"provider": "github", "name": "GitHub", "client_id": "your_id", "secret": "your_key", "key": "", "sites": [1]}}, {"model": "taggit.tag", "pk": 1, "fields": {"name": "django", "slug": "django"}}, {"model": "taggit.tag", "pk": 2, "fields": {"name": "django-taggit", "slug": "django-taggit"}}, {"model": "taggit.tag", "pk": 3, "fields": {"name": "\u6807\u7b7e", "slug": ""}}, {"model": "taggit.tag", "pk": 4, "fields": {"name": "django-taggit\uff0c\u6807\u7b7e", "slug": "django-taggit_1"}}, {"model": "taggit.tag", "pk": 5, "fields": {"name": "django-taggit\uff0c \u6807\u7b7e", "slug": "django-taggit_2"}}, {"model": "taggit.tag", "pk": 6, "fields": {"name": "\u6807\u9898\u56fe", "slug": "_1"}}, {"model": "taggit.tag", "pk": 7, "fields": {"name": "avatar", "slug": "avatar"}}, {"model": "taggit.tag", "pk": 8, "fields": {"name": "HK", "slug": "hk"}}, {"model": "taggit.tag", "pk": 9, "fields": {"name": "\u9999\u6e2f", "slug": "_2"}}, {"model": "taggit.tag", "pk": 10, "fields": {"name": "\u6444\u5f71", "slug": "_3"}}, {"model": "taggit.tag", "pk": 11, "fields": {"name": "HK,\u9999\u6e2f,\u6587\u5316", "slug": "hk_1"}}, {"model": "taggit.tag", "pk": 12, "fields": {"name": "HK,\u9999\u6e2f", "slug": "hk_2"}}, {"model": "taggit.tag", "pk": 13, "fields": {"name": "\u6e2f", "slug": "_4"}}, {"model": "taggit.tag", "pk": 14, "fields": {"name": "K", "slug": "k"}}, {"model": "taggit.tag", "pk": 15, "fields": {"name": ",", "slug": "_5"}}, {"model": "taggit.tag", "pk": 16, "fields": {"name": "H", "slug": "h"}}, {"model": "taggit.tag", "pk": 17, "fields": {"name": "\u9999", "slug": "_6"}}, {"model": "taggit.tag", "pk": 18, "fields": {"name": "", "slug": "_7"}}, {"model": "taggit.tag", "pk": 19, "fields": {"name": "\u6587\u5316", "slug": "_8"}}, {"model": "taggit.taggeditem", "pk": 3, "fields": {"tag": 1, "content_type": 7, "object_id": 28}}, {"model": "taggit.taggeditem", "pk": 4, "fields": {"tag": 2, "content_type": 7, "object_id": 28}}, {"model": "taggit.taggeditem", "pk": 5, "fields": {"tag": 3, "content_type": 7, "object_id": 28}}, {"model": "taggit.taggeditem", "pk": 10, "fields": {"tag": 1, "content_type": 7, "object_id": 26}}, {"model": "taggit.taggeditem", "pk": 12, "fields": {"tag": 7, "content_type": 7, "object_id": 30}}, {"model": "taggit.taggeditem", "pk": 38, "fields": {"tag": 8, "content_type": 7, "object_id": 31}}, {"model": "taggit.taggeditem", "pk": 39, "fields": {"tag": 9, "content_type": 7, "object_id": 31}}, {"model": "taggit.taggeditem", "pk": 40, "fields": {"tag": 10, "content_type": 7, "object_id": 32}}, {"model": "article.articlecolumn", "pk": 1, "fields": {"title": "Django", "created": "2019-01-29T10:47:02Z"}}, {"model": "article.articlecolumn", "pk": 2, "fields": {"title": "Java", "created": "2019-01-29T10:47:43Z"}}, {"model": "article.articlecolumn", "pk": 3, "fields": {"title": "HTML", "created": "2019-01-29T10:47:53Z"}}, {"model": "auth.permission", "pk": 1, "fields": {"name": "Can add log entry", "content_type": 1, "codename": "add_logentry"}}, {"model": "auth.permission", "pk": 2, "fields": {"name": "Can change log entry", "content_type": 1, "codename": "change_logentry"}}, {"model": "auth.permission", "pk": 3, "fields": {"name": "Can delete log entry", "content_type": 1, "codename": "delete_logentry"}}, {"model": "auth.permission", "pk": 4, "fields": {"name": "Can view log entry", "content_type": 1, "codename": "view_logentry"}}, {"model": "auth.permission", "pk": 5, "fields": {"name": "Can add permission", "content_type": 2, "codename": "add_permission"}}, {"model": "auth.permission", "pk": 6, "fields": {"name": "Can change permission", "content_type": 2, "codename": "change_permission"}}, {"model": "auth.permission", "pk": 7, "fields": {"name": "Can delete permission", "content_type": 2, "codename": "delete_permission"}}, {"model": "auth.permission", "pk": 8, "fields": {"name": "Can view permission", "content_type": 2, "codename": "view_permission"}}, {"model": "auth.permission", "pk": 9, "fields": {"name": "Can add group", "content_type": 3, "codename": "add_group"}}, {"model": "auth.permission", "pk": 10, "fields": {"name": "Can change group", "content_type": 3, "codename": "change_group"}}, {"model": "auth.permission", "pk": 11, "fields": {"name": "Can delete group", "content_type": 3, "codename": "delete_group"}}, {"model": "auth.permission", "pk": 12, "fields": {"name": "Can view group", "content_type": 3, "codename": "view_group"}}, {"model": "auth.permission", "pk": 13, "fields": {"name": "Can add user", "content_type": 4, "codename": "add_user"}}, {"model": "auth.permission", "pk": 14, "fields": {"name": "Can change user", "content_type": 4, "codename": "change_user"}}, {"model": "auth.permission", "pk": 15, "fields": {"name": "Can delete user", "content_type": 4, "codename": "delete_user"}}, {"model": "auth.permission", "pk": 16, "fields": {"name": "Can view user", "content_type": 4, "codename": "view_user"}}, {"model": "auth.permission", "pk": 17, "fields": {"name": "Can add content type", "content_type": 5, "codename": "add_contenttype"}}, {"model": "auth.permission", "pk": 18, "fields": {"name": "Can change content type", "content_type": 5, "codename": "change_contenttype"}}, {"model": "auth.permission", "pk": 19, "fields": {"name": "Can delete content type", "content_type": 5, "codename": "delete_contenttype"}}, {"model": "auth.permission", "pk": 20, "fields": {"name": "Can view content type", "content_type": 5, "codename": "view_contenttype"}}, {"model": "auth.permission", "pk": 21, "fields": {"name": "Can add session", "content_type": 6, "codename": "add_session"}}, {"model": "auth.permission", "pk": 22, "fields": {"name": "Can change session", "content_type": 6, "codename": "change_session"}}, {"model": "auth.permission", "pk": 23, "fields": {"name": "Can delete session", "content_type": 6, "codename": "delete_session"}}, {"model": "auth.permission", "pk": 24, "fields": {"name": "Can view session", "content_type": 6, "codename": "view_session"}}, {"model": "auth.permission", "pk": 25, "fields": {"name": "Can add article", "content_type": 7, "codename": "add_article"}}, {"model": "auth.permission", "pk": 26, "fields": {"name": "Can change article", "content_type": 7, "codename": "change_article"}}, {"model": "auth.permission", "pk": 27, "fields": {"name": "Can delete article", "content_type": 7, "codename": "delete_article"}}, {"model": "auth.permission", "pk": 28, "fields": {"name": "Can view article", "content_type": 7, "codename": "view_article"}}, {"model": "auth.permission", "pk": 29, "fields": {"name": "Can add article post", "content_type": 7, "codename": "add_articlepost"}}, {"model": "auth.permission", "pk": 30, "fields": {"name": "Can change article post", "content_type": 7, "codename": "change_articlepost"}}, {"model": "auth.permission", "pk": 31, "fields": {"name": "Can delete article post", "content_type": 7, "codename": "delete_articlepost"}}, {"model": "auth.permission", "pk": 32, "fields": {"name": "Can view article post", "content_type": 7, "codename": "view_articlepost"}}, {"model": "auth.permission", "pk": 33, "fields": {"name": "Can add profile", "content_type": 8, "codename": "add_profile"}}, {"model": "auth.permission", "pk": 34, "fields": {"name": "Can change profile", "content_type": 8, "codename": "change_profile"}}, {"model": "auth.permission", "pk": 35, "fields": {"name": "Can delete profile", "content_type": 8, "codename": "delete_profile"}}, {"model": "auth.permission", "pk": 36, "fields": {"name": "Can view profile", "content_type": 8, "codename": "view_profile"}}, {"model": "auth.permission", "pk": 37, "fields": {"name": "Can add comment", "content_type": 9, "codename": "add_comment"}}, {"model": "auth.permission", "pk": 38, "fields": {"name": "Can change comment", "content_type": 9, "codename": "change_comment"}}, {"model": "auth.permission", "pk": 39, "fields": {"name": "Can delete comment", "content_type": 9, "codename": "delete_comment"}}, {"model": "auth.permission", "pk": 40, "fields": {"name": "Can view comment", "content_type": 9, "codename": "view_comment"}}, {"model": "auth.permission", "pk": 41, "fields": {"name": "Can add article column", "content_type": 10, "codename": "add_articlecolumn"}}, {"model": "auth.permission", "pk": 42, "fields": {"name": "Can change article column", "content_type": 10, "codename": "change_articlecolumn"}}, {"model": "auth.permission", "pk": 43, "fields": {"name": "Can delete article column", "content_type": 10, "codename": "delete_articlecolumn"}}, {"model": "auth.permission", "pk": 44, "fields": {"name": "Can view article column", "content_type": 10, "codename": "view_articlecolumn"}}, {"model": "auth.permission", "pk": 45, "fields": {"name": "Can add Tag", "content_type": 11, "codename": "add_tag"}}, {"model": "auth.permission", "pk": 46, "fields": {"name": "Can change Tag", "content_type": 11, "codename": "change_tag"}}, {"model": "auth.permission", "pk": 47, "fields": {"name": "Can delete Tag", "content_type": 11, "codename": "delete_tag"}}, {"model": "auth.permission", "pk": 48, "fields": {"name": "Can view Tag", "content_type": 11, "codename": "view_tag"}}, {"model": "auth.permission", "pk": 49, "fields": {"name": "Can add Tagged Item", "content_type": 12, "codename": "add_taggeditem"}}, {"model": "auth.permission", "pk": 50, "fields": {"name": "Can change Tagged Item", "content_type": 12, "codename": "change_taggeditem"}}, {"model": "auth.permission", "pk": 51, "fields": {"name": "Can delete Tagged Item", "content_type": 12, "codename": "delete_taggeditem"}}, {"model": "auth.permission", "pk": 52, "fields": {"name": "Can view Tagged Item", "content_type": 12, "codename": "view_taggeditem"}}, {"model": "auth.permission", "pk": 53, "fields": {"name": "Can add notification", "content_type": 13, "codename": "add_notification"}}, {"model": "auth.permission", "pk": 54, "fields": {"name": "Can change notification", "content_type": 13, "codename": "change_notification"}}, {"model": "auth.permission", "pk": 55, "fields": {"name": "Can delete notification", "content_type": 13, "codename": "delete_notification"}}, {"model": "auth.permission", "pk": 56, "fields": {"name": "Can view notification", "content_type": 13, "codename": "view_notification"}}, {"model": "auth.permission", "pk": 57, "fields": {"name": "Can add site", "content_type": 14, "codename": "add_site"}}, {"model": "auth.permission", "pk": 58, "fields": {"name": "Can change site", "content_type": 14, "codename": "change_site"}}, {"model": "auth.permission", "pk": 59, "fields": {"name": "Can delete site", "content_type": 14, "codename": "delete_site"}}, {"model": "auth.permission", "pk": 60, "fields": {"name": "Can view site", "content_type": 14, "codename": "view_site"}}, {"model": "auth.permission", "pk": 61, "fields": {"name": "Can add email address", "content_type": 15, "codename": "add_emailaddress"}}, {"model": "auth.permission", "pk": 62, "fields": {"name": "Can change email address", "content_type": 15, "codename": "change_emailaddress"}}, {"model": "auth.permission", "pk": 63, "fields": {"name": "Can delete email address", "content_type": 15, "codename": "delete_emailaddress"}}, {"model": "auth.permission", "pk": 64, "fields": {"name": "Can view email address", "content_type": 15, "codename": "view_emailaddress"}}, {"model": "auth.permission", "pk": 65, "fields": {"name": "Can add email confirmation", "content_type": 16, "codename": "add_emailconfirmation"}}, {"model": "auth.permission", "pk": 66, "fields": {"name": "Can change email confirmation", "content_type": 16, "codename": "change_emailconfirmation"}}, {"model": "auth.permission", "pk": 67, "fields": {"name": "Can delete email confirmation", "content_type": 16, "codename": "delete_emailconfirmation"}}, {"model": "auth.permission", "pk": 68, "fields": {"name": "Can view email confirmation", "content_type": 16, "codename": "view_emailconfirmation"}}, {"model": "auth.permission", "pk": 69, "fields": {"name": "Can add social account", "content_type": 17, "codename": "add_socialaccount"}}, {"model": "auth.permission", "pk": 70, "fields": {"name": "Can change social account", "content_type": 17, "codename": "change_socialaccount"}}, {"model": "auth.permission", "pk": 71, "fields": {"name": "Can delete social account", "content_type": 17, "codename": "delete_socialaccount"}}, {"model": "auth.permission", "pk": 72, "fields": {"name": "Can view social account", "content_type": 17, "codename": "view_socialaccount"}}, {"model": "auth.permission", "pk": 73, "fields": {"name": "Can add social application", "content_type": 18, "codename": "add_socialapp"}}, {"model": "auth.permission", "pk": 74, "fields": {"name": "Can change social application", "content_type": 18, "codename": "change_socialapp"}}, {"model": "auth.permission", "pk": 75, "fields": {"name": "Can delete social application", "content_type": 18, "codename": "delete_socialapp"}}, {"model": "auth.permission", "pk": 76, "fields": {"name": "Can view social application", "content_type": 18, "codename": "view_socialapp"}}, {"model": "auth.permission", "pk": 77, "fields": {"name": "Can add social application token", "content_type": 19, "codename": "add_socialtoken"}}, {"model": "auth.permission", "pk": 78, "fields": {"name": "Can change social application token", "content_type": 19, "codename": "change_socialtoken"}}, {"model": "auth.permission", "pk": 79, "fields": {"name": "Can delete social application token", "content_type": 19, "codename": "delete_socialtoken"}}, {"model": "auth.permission", "pk": 80, "fields": {"name": "Can view social application token", "content_type": 19, "codename": "view_socialtoken"}}, {"model": "auth.user", "pk": 14, "fields": {"password": "pbkdf2_sha256$120000$JqKJjHuOi5XN$kPIbYFTQmb8yg9aFwsj6iShZ9eMwEOoMeH4gVdYuW9k=", "last_login": "2020-07-22T01:46:32.997Z", "is_superuser": true, "username": "dusai", "first_name": "", "last_name": "", "email": "dusaiphoto@foxmail.com", "is_staff": true, "is_active": true, "date_joined": "2022-09-27T06:46:15Z", "groups": [], "user_permissions": []}}, {"model": "auth.user", "pk": 15, "fields": {"password": "pbkdf2_sha256$120000$e4LwUuStYhir$5/YLNe+9YE735HI/eJeSaq63suuGeh1HfZ5KC730wDg=", "last_login": "2019-06-04T12:52:01.850Z", "is_superuser": false, "username": "diaowei", "first_name": "", "last_name": "", "email": "", "is_staff": false, "is_active": true, "date_joined": "2022-09-27T13:04:47.428Z", "groups": [], "user_permissions": []}}, {"model": "notifications.notification", "pk": 1, "fields": {"level": "info", "recipient": 14, "unread": false, "actor_content_type": 4, "actor_object_id": "15", "verb": "\u56de\u590d\u4e86\u4f60", "description": null, "target_content_type": 7, "target_object_id": "32", "action_object_content_type": 9, "action_object_object_id": "33", "timestamp": "2019-05-15T12:11:59.020Z", "public": true, "deleted": false, "emailed": false, "data": null}}, {"model": "notifications.notification", "pk": 2, "fields": {"level": "info", "recipient": 14, "unread": false, "actor_content_type": 4, "actor_object_id": "15", "verb": "\u56de\u590d\u4e86\u4f60", "description": null, "target_content_type": 7, "target_object_id": "32", "action_object_content_type": 9, "action_object_object_id": "34", "timestamp": "2019-05-15T22:33:40.343Z", "public": true, "deleted": false, "emailed": false, "data": null}}, {"model": "notifications.notification", "pk": 3, "fields": {"level": "info", "recipient": 14, "unread": false, "actor_content_type": 4, "actor_object_id": "15", "verb": "\u56de\u590d\u4e86\u4f60", "description": null, "target_content_type": 7, "target_object_id": "20", "action_object_content_type": 9, "action_object_object_id": "35", "timestamp": "2019-05-15T22:34:19.129Z", "public": true, "deleted": false, "emailed": false, "data": null}}, {"model": "notifications.notification", "pk": 4, "fields": {"level": "info", "recipient": 15, "unread": false, "actor_content_type": 4, "actor_object_id": "14", "verb": "\u56de\u590d\u4e86\u4f60", "description": null, "target_content_type": 7, "target_object_id": "32", "action_object_content_type": 9, "action_object_object_id": "36", "timestamp": "2019-05-16T13:12:18.111Z", "public": true, "deleted": false, "emailed": false, "data": null}}, {"model": "notifications.notification", "pk": 5, "fields": {"level": "info", "recipient": 15, "unread": false, "actor_content_type": 4, "actor_object_id": "14", "verb": "\u56de\u590d\u4e86\u4f60", "description": null, "target_content_type": 7, "target_object_id": "32", "action_object_content_type": 9, "action_object_object_id": "37", "timestamp": "2019-05-16T13:12:25.416Z", "public": true, "deleted": false, "emailed": false, "data": null}}, {"model": "notifications.notification", "pk": 6, "fields": {"level": "info", "recipient": 14, "unread": false, "actor_content_type": 4, "actor_object_id": "15", "verb": "\u56de\u590d\u4e86\u4f60", "description": null, "target_content_type": 7, "target_object_id": "32", "action_object_content_type": 9, "action_object_object_id": "38", "timestamp": "2019-05-16T13:16:29.989Z", "public": true, "deleted": false, "emailed": false, "data": null}}, {"model": "notifications.notification", "pk": 7, "fields": {"level": "info", "recipient": 14, "unread": false, "actor_content_type": 4, "actor_object_id": "15", "verb": "\u56de\u590d\u4e86\u4f60", "description": null, "target_content_type": 7, "target_object_id": "32", "action_object_content_type": 9, "action_object_object_id": "39", "timestamp": "2019-05-16T13:16:38.668Z", "public": true, "deleted": false, "emailed": false, "data": null}}, {"model": "notifications.notification", "pk": 8, "fields": {"level": "info", "recipient": 15, "unread": false, "actor_content_type": 4, "actor_object_id": "14", "verb": "\u56de\u590d\u4e86\u4f60", "description": null, "target_content_type": 7, "target_object_id": "32", "action_object_content_type": 9, "action_object_object_id": "40", "timestamp": "2019-05-16T13:20:49.695Z", "public": true, "deleted": false, "emailed": false, "data": null}}, {"model": "notifications.notification", "pk": 9, "fields": {"level": "info", "recipient": 15, "unread": false, "actor_content_type": 4, "actor_object_id": "14", "verb": "\u56de\u590d\u4e86\u4f60", "description": null, "target_content_type": 7, "target_object_id": "32", "action_object_content_type": 9, "action_object_object_id": "41", "timestamp": "2019-05-16T13:20:53.050Z", "public": true, "deleted": false, "emailed": false, "data": null}}, {"model": "notifications.notification", "pk": 10, "fields": {"level": "info", "recipient": 14, "unread": false, "actor_content_type": 4, "actor_object_id": "15", "verb": "\u56de\u590d\u4e86\u4f60", "description": null, "target_content_type": 7, "target_object_id": "32", "action_object_content_type": 9, "action_object_object_id": "42", "timestamp": "2019-05-16T13:22:12.964Z", "public": true, "deleted": false, "emailed": false, "data": null}}, {"model": "notifications.notification", "pk": 11, "fields": {"level": "info", "recipient": 15, "unread": false, "actor_content_type": 4, "actor_object_id": "15", "verb": "\u56de\u590d\u4e86\u4f60", "description": null, "target_content_type": 7, "target_object_id": "32", "action_object_content_type": 9, "action_object_object_id": "43", "timestamp": "2019-05-16T13:22:28.217Z", "public": true, "deleted": false, "emailed": false, "data": null}}, {"model": "notifications.notification", "pk": 12, "fields": {"level": "info", "recipient": 14, "unread": false, "actor_content_type": 4, "actor_object_id": "15", "verb": "\u56de\u590d\u4e86\u4f60", "description": null, "target_content_type": 7, "target_object_id": "32", "action_object_content_type": 9, "action_object_object_id": "44", "timestamp": "2019-05-16T13:22:45.874Z", "public": true, "deleted": false, "emailed": false, "data": null}}, {"model": "notifications.notification", "pk": 13, "fields": {"level": "info", "recipient": 14, "unread": false, "actor_content_type": 4, "actor_object_id": "15", "verb": "\u56de\u590d\u4e86\u4f60", "description": null, "target_content_type": 7, "target_object_id": "32", "action_object_content_type": 9, "action_object_object_id": "45", "timestamp": "2019-05-16T13:22:51.577Z", "public": true, "deleted": false, "emailed": false, "data": null}}, {"model": "notifications.notification", "pk": 14, "fields": {"level": "info", "recipient": 14, "unread": false, "actor_content_type": 4, "actor_object_id": "14", "verb": "\u56de\u590d\u4e86\u4f60", "description": null, "target_content_type": 7, "target_object_id": "31", "action_object_content_type": 9, "action_object_object_id": null, "timestamp": "2019-05-18T06:54:24.257Z", "public": true, "deleted": false, "emailed": false, "data": null}}, {"model": "notifications.notification", "pk": 15, "fields": {"level": "info", "recipient": 14, "unread": false, "actor_content_type": 4, "actor_object_id": "15", "verb": "\u56de\u590d\u4e86\u4f60", "description": null, "target_content_type": 7, "target_object_id": "31", "action_object_content_type": 9, "action_object_object_id": null, "timestamp": "2019-05-18T06:54:52.756Z", "public": true, "deleted": false, "emailed": false, "data": null}}, {"model": "notifications.notification", "pk": 16, "fields": {"level": "info", "recipient": 14, "unread": false, "actor_content_type": 4, "actor_object_id": "14", "verb": "\u56de\u590d\u4e86\u4f60", "description": null, "target_content_type": 7, "target_object_id": "31", "action_object_content_type": 9, "action_object_object_id": null, "timestamp": "2019-05-18T06:57:50.934Z", "public": true, "deleted": false, "emailed": false, "data": null}}, {"model": "notifications.notification", "pk": 17, "fields": {"level": "info", "recipient": 15, "unread": false, "actor_content_type": 4, "actor_object_id": "14", "verb": "\u56de\u590d\u4e86\u4f60", "description": null, "target_content_type": 7, "target_object_id": "31", "action_object_content_type": 9, "action_object_object_id": "49", "timestamp": "2019-05-18T06:57:51.240Z", "public": true, "deleted": false, "emailed": false, "data": null}}, {"model": "notifications.notification", "pk": 18, "fields": {"level": "info", "recipient": 14, "unread": false, "actor_content_type": 4, "actor_object_id": "14", "verb": "\u56de\u590d\u4e86\u4f60", "description": null, "target_content_type": 7, "target_object_id": "31", "action_object_content_type": 9, "action_object_object_id": null, "timestamp": "2019-05-18T06:58:01.388Z", "public": true, "deleted": false, "emailed": false, "data": null}}, {"model": "notifications.notification", "pk": 19, "fields": {"level": "info", "recipient": 15, "unread": false, "actor_content_type": 4, "actor_object_id": "14", "verb": "\u56de\u590d\u4e86\u4f60", "description": null, "target_content_type": 7, "target_object_id": "31", "action_object_content_type": 9, "action_object_object_id": "50", "timestamp": "2019-05-18T06:58:01.748Z", "public": true, "deleted": false, "emailed": false, "data": null}}, {"model": "notifications.notification", "pk": 20, "fields": {"level": "info", "recipient": 14, "unread": false, "actor_content_type": 4, "actor_object_id": "15", "verb": "\u56de\u590d\u4e86\u4f60", "description": null, "target_content_type": 7, "target_object_id": "30", "action_object_content_type": 9, "action_object_object_id": null, "timestamp": "2019-05-18T07:00:43.254Z", "public": true, "deleted": false, "emailed": false, "data": null}}, {"model": "notifications.notification", "pk": 21, "fields": {"level": "info", "recipient": 14, "unread": false, "actor_content_type": 4, "actor_object_id": "15", "verb": "\u56de\u590d\u4e86\u4f60", "description": null, "target_content_type": 7, "target_object_id": "30", "action_object_content_type": 9, "action_object_object_id": null, "timestamp": "2019-05-18T07:01:01.458Z", "public": true, "deleted": false, "emailed": false, "data": null}}, {"model": "notifications.notification", "pk": 22, "fields": {"level": "info", "recipient": 15, "unread": false, "actor_content_type": 4, "actor_object_id": "15", "verb": "\u56de\u590d\u4e86\u4f60", "description": null, "target_content_type": 7, "target_object_id": "30", "action_object_content_type": 9, "action_object_object_id": "53", "timestamp": "2019-05-18T07:01:01.816Z", "public": true, "deleted": false, "emailed": false, "data": null}}, {"model": "notifications.notification", "pk": 23, "fields": {"level": "info", "recipient": 14, "unread": false, "actor_content_type": 4, "actor_object_id": "15", "verb": "\u56de\u590d\u4e86\u4f60", "description": null, "target_content_type": 7, "target_object_id": "30", "action_object_content_type": 9, "action_object_object_id": null, "timestamp": "2019-05-18T07:01:10.002Z", "public": true, "deleted": false, "emailed": false, "data": null}}, {"model": "notifications.notification", "pk": 24, "fields": {"level": "info", "recipient": 15, "unread": false, "actor_content_type": 4, "actor_object_id": "14", "verb": "\u56de\u590d\u4e86\u4f60", "description": null, "target_content_type": 7, "target_object_id": "30", "action_object_content_type": 9, "action_object_object_id": "55", "timestamp": "2019-05-18T07:01:47.709Z", "public": true, "deleted": false, "emailed": false, "data": null}}, {"model": "notifications.notification", "pk": 25, "fields": {"level": "info", "recipient": 14, "unread": false, "actor_content_type": 4, "actor_object_id": "14", "verb": "\u56de\u590d\u4e86\u4f60", "description": null, "target_content_type": 7, "target_object_id": "31", "action_object_content_type": 9, "action_object_object_id": "56", "timestamp": "2019-05-18T09:33:42.691Z", "public": true, "deleted": false, "emailed": false, "data": null}}, {"model": "notifications.notification", "pk": 26, "fields": {"level": "info", "recipient": 14, "unread": false, "actor_content_type": 4, "actor_object_id": "15", "verb": "\u56de\u590d\u4e86\u4f60", "description": null, "target_content_type": 7, "target_object_id": "30", "action_object_content_type": 9, "action_object_object_id": null, "timestamp": "2019-05-18T09:35:25.789Z", "public": true, "deleted": false, "emailed": false, "data": null}}, {"model": "notifications.notification", "pk": 27, "fields": {"level": "info", "recipient": 15, "unread": false, "actor_content_type": 4, "actor_object_id": "14", "verb": "\u56de\u590d\u4e86\u4f60", "description": null, "target_content_type": 7, "target_object_id": "31", "action_object_content_type": 9, "action_object_object_id": "59", "timestamp": "2019-06-02T12:57:39.496Z", "public": true, "deleted": false, "emailed": false, "data": null}}, {"model": "notifications.notification", "pk": 28, "fields": {"level": "info", "recipient": 15, "unread": false, "actor_content_type": 4, "actor_object_id": "14", "verb": "\u56de\u590d\u4e86\u4f60", "description": null, "target_content_type": 7, "target_object_id": "31", "action_object_content_type": 9, "action_object_object_id": "60", "timestamp": "2019-06-02T12:58:00.812Z", "public": true, "deleted": false, "emailed": false, "data": null}}, {"model": "notifications.notification", "pk": 29, "fields": {"level": "info", "recipient": 15, "unread": false, "actor_content_type": 4, "actor_object_id": "14", "verb": "\u56de\u590d\u4e86\u4f60", "description": null, "target_content_type": 7, "target_object_id": "32", "action_object_content_type": 9, "action_object_object_id": "61", "timestamp": "2019-06-02T12:58:14.818Z", "public": true, "deleted": false, "emailed": false, "data": null}}, {"model": "notifications.notification", "pk": 30, "fields": {"level": "info", "recipient": 14, "unread": false, "actor_content_type": 4, "actor_object_id": "15", "verb": "\u56de\u590d\u4e86\u4f60", "description": null, "target_content_type": 7, "target_object_id": "30", "action_object_content_type": 9, "action_object_object_id": null, "timestamp": "2019-06-02T13:09:49.535Z", "public": true, "deleted": false, "emailed": false, "data": null}}, {"model": "notifications.notification", "pk": 31, "fields": {"level": "info", "recipient": 14, "unread": false, "actor_content_type": 4, "actor_object_id": "15", "verb": "\u56de\u590d\u4e86\u4f60", "description": null, "target_content_type": 7, "target_object_id": "30", "action_object_content_type": 9, "action_object_object_id": null, "timestamp": "2019-06-02T13:11:15.654Z", "public": true, "deleted": false, "emailed": false, "data": null}}, {"model": "notifications.notification", "pk": 32, "fields": {"level": "info", "recipient": 14, "unread": false, "actor_content_type": 4, "actor_object_id": "15", "verb": "\u56de\u590d\u4e86\u4f60", "description": null, "target_content_type": 7, "target_object_id": "28", "action_object_content_type": 9, "action_object_object_id": null, "timestamp": "2019-06-02T13:12:20.013Z", "public": true, "deleted": false, "emailed": false, "data": null}}, {"model": "notifications.notification", "pk": 33, "fields": {"level": "info", "recipient": 14, "unread": false, "actor_content_type": 4, "actor_object_id": "15", "verb": "\u56de\u590d\u4e86\u4f60", "description": null, "target_content_type": 7, "target_object_id": "28", "action_object_content_type": 9, "action_object_object_id": null, "timestamp": "2019-06-02T13:12:30.760Z", "public": true, "deleted": false, "emailed": false, "data": null}}, {"model": "notifications.notification", "pk": 34, "fields": {"level": "info", "recipient": 14, "unread": false, "actor_content_type": 4, "actor_object_id": "15", "verb": "\u56de\u590d\u4e86\u4f60", "description": null, "target_content_type": 7, "target_object_id": "28", "action_object_content_type": 9, "action_object_object_id": null, "timestamp": "2019-06-02T13:14:20.640Z", "public": true, "deleted": false, "emailed": false, "data": null}}, {"model": "notifications.notification", "pk": 35, "fields": {"level": "info", "recipient": 14, "unread": false, "actor_content_type": 4, "actor_object_id": "15", "verb": "\u56de\u590d\u4e86\u4f60", "description": null, "target_content_type": 7, "target_object_id": "28", "action_object_content_type": 9, "action_object_object_id": null, "timestamp": "2019-06-02T13:14:35.295Z", "public": true, "deleted": false, "emailed": false, "data": null}}, {"model": "notifications.notification", "pk": 36, "fields": {"level": "info", "recipient": 14, "unread": false, "actor_content_type": 4, "actor_object_id": "15", "verb": "\u56de\u590d\u4e86\u4f60", "description": null, "target_content_type": 7, "target_object_id": "28", "action_object_content_type": 9, "action_object_object_id": null, "timestamp": "2019-06-02T13:35:36.303Z", "public": true, "deleted": false, "emailed": false, "data": null}}, {"model": "notifications.notification", "pk": 37, "fields": {"level": "info", "recipient": 14, "unread": false, "actor_content_type": 4, "actor_object_id": "15", "verb": "\u56de\u590d\u4e86\u4f60", "description": null, "target_content_type": 7, "target_object_id": "28", "action_object_content_type": 9, "action_object_object_id": null, "timestamp": "2019-06-02T13:36:47.645Z", "public": true, "deleted": false, "emailed": false, "data": null}}, {"model": "notifications.notification", "pk": 38, "fields": {"level": "info", "recipient": 14, "unread": false, "actor_content_type": 4, "actor_object_id": "15", "verb": "\u56de\u590d\u4e86\u4f60", "description": null, "target_content_type": 7, "target_object_id": "28", "action_object_content_type": 9, "action_object_object_id": null, "timestamp": "2019-06-02T13:38:35.030Z", "public": true, "deleted": false, "emailed": false, "data": null}}, {"model": "notifications.notification", "pk": 39, "fields": {"level": "info", "recipient": 14, "unread": false, "actor_content_type": 4, "actor_object_id": "15", "verb": "\u56de\u590d\u4e86\u4f60", "description": null, "target_content_type": 7, "target_object_id": "28", "action_object_content_type": 9, "action_object_object_id": null, "timestamp": "2019-06-02T13:38:42.405Z", "public": true, "deleted": false, "emailed": false, "data": null}}, {"model": "notifications.notification", "pk": 40, "fields": {"level": "info", "recipient": 14, "unread": false, "actor_content_type": 4, "actor_object_id": "15", "verb": "\u56de\u590d\u4e86\u4f60", "description": null, "target_content_type": 7, "target_object_id": "28", "action_object_content_type": 9, "action_object_object_id": null, "timestamp": "2019-06-03T12:11:40.506Z", "public": true, "deleted": false, "emailed": false, "data": null}}, {"model": "notifications.notification", "pk": 41, "fields": {"level": "info", "recipient": 14, "unread": false, "actor_content_type": 4, "actor_object_id": "15", "verb": "\u56de\u590d\u4e86\u4f60", "description": null, "target_content_type": 7, "target_object_id": "28", "action_object_content_type": 9, "action_object_object_id": null, "timestamp": "2019-06-03T12:24:27.292Z", "public": true, "deleted": false, "emailed": false, "data": null}}, {"model": "notifications.notification", "pk": 42, "fields": {"level": "info", "recipient": 14, "unread": false, "actor_content_type": 4, "actor_object_id": "15", "verb": "\u56de\u590d\u4e86\u4f60", "description": null, "target_content_type": 7, "target_object_id": "28", "action_object_content_type": 9, "action_object_object_id": null, "timestamp": "2019-06-03T12:39:50.300Z", "public": true, "deleted": false, "emailed": false, "data": null}}, {"model": "notifications.notification", "pk": 43, "fields": {"level": "info", "recipient": 14, "unread": false, "actor_content_type": 4, "actor_object_id": "15", "verb": "\u56de\u590d\u4e86\u4f60", "description": null, "target_content_type": 7, "target_object_id": "28", "action_object_content_type": 9, "action_object_object_id": null, "timestamp": "2019-06-03T12:40:15.893Z", "public": true, "deleted": false, "emailed": false, "data": null}}, {"model": "notifications.notification", "pk": 44, "fields": {"level": "info", "recipient": 14, "unread": false, "actor_content_type": 4, "actor_object_id": "15", "verb": "\u56de\u590d\u4e86\u4f60", "description": null, "target_content_type": 7, "target_object_id": "28", "action_object_content_type": 9, "action_object_object_id": null, "timestamp": "2019-06-03T12:41:52.033Z", "public": true, "deleted": false, "emailed": false, "data": null}}, {"model": "notifications.notification", "pk": 45, "fields": {"level": "info", "recipient": 14, "unread": false, "actor_content_type": 4, "actor_object_id": "15", "verb": "\u56de\u590d\u4e86\u4f60", "description": null, "target_content_type": 7, "target_object_id": "28", "action_object_content_type": 9, "action_object_object_id": null, "timestamp": "2019-06-03T12:51:31.557Z", "public": true, "deleted": false, "emailed": false, "data": null}}, {"model": "notifications.notification", "pk": 46, "fields": {"level": "info", "recipient": 14, "unread": false, "actor_content_type": 4, "actor_object_id": "15", "verb": "\u56de\u590d\u4e86\u4f60", "description": null, "target_content_type": 7, "target_object_id": "28", "action_object_content_type": 9, "action_object_object_id": null, "timestamp": "2019-06-03T12:51:35.465Z", "public": true, "deleted": false, "emailed": false, "data": null}}, {"model": "notifications.notification", "pk": 47, "fields": {"level": "info", "recipient": 14, "unread": false, "actor_content_type": 4, "actor_object_id": "15", "verb": "\u56de\u590d\u4e86\u4f60", "description": null, "target_content_type": 7, "target_object_id": "28", "action_object_content_type": 9, "action_object_object_id": null, "timestamp": "2019-06-03T12:52:20.485Z", "public": true, "deleted": false, "emailed": false, "data": null}}, {"model": "notifications.notification", "pk": 48, "fields": {"level": "info", "recipient": 14, "unread": false, "actor_content_type": 4, "actor_object_id": "15", "verb": "\u56de\u590d\u4e86\u4f60", "description": null, "target_content_type": 7, "target_object_id": "28", "action_object_content_type": 9, "action_object_object_id": null, "timestamp": "2019-06-03T12:52:24.122Z", "public": true, "deleted": false, "emailed": false, "data": null}}, {"model": "notifications.notification", "pk": 49, "fields": {"level": "info", "recipient": 14, "unread": false, "actor_content_type": 4, "actor_object_id": "15", "verb": "\u56de\u590d\u4e86\u4f60", "description": null, "target_content_type": 7, "target_object_id": "28", "action_object_content_type": 9, "action_object_object_id": null, "timestamp": "2019-06-03T12:52:55.799Z", "public": true, "deleted": false, "emailed": false, "data": null}}, {"model": "notifications.notification", "pk": 50, "fields": {"level": "info", "recipient": 14, "unread": false, "actor_content_type": 4, "actor_object_id": "15", "verb": "\u56de\u590d\u4e86\u4f60", "description": null, "target_content_type": 7, "target_object_id": "28", "action_object_content_type": 9, "action_object_object_id": null, "timestamp": "2019-06-03T12:53:58.187Z", "public": true, "deleted": false, "emailed": false, "data": null}}, {"model": "notifications.notification", "pk": 51, "fields": {"level": "info", "recipient": 14, "unread": false, "actor_content_type": 4, "actor_object_id": "15", "verb": "\u56de\u590d\u4e86\u4f60", "description": null, "target_content_type": 7, "target_object_id": "28", "action_object_content_type": 9, "action_object_object_id": null, "timestamp": "2019-06-03T12:54:26.561Z", "public": true, "deleted": false, "emailed": false, "data": null}}, {"model": "notifications.notification", "pk": 52, "fields": {"level": "info", "recipient": 14, "unread": false, "actor_content_type": 4, "actor_object_id": "15", "verb": "\u56de\u590d\u4e86\u4f60", "description": null, "target_content_type": 7, "target_object_id": "28", "action_object_content_type": 9, "action_object_object_id": null, "timestamp": "2019-06-03T12:54:56.677Z", "public": true, "deleted": false, "emailed": false, "data": null}}, {"model": "notifications.notification", "pk": 53, "fields": {"level": "info", "recipient": 14, "unread": false, "actor_content_type": 4, "actor_object_id": "15", "verb": "\u56de\u590d\u4e86\u4f60", "description": null, "target_content_type": 7, "target_object_id": "28", "action_object_content_type": 9, "action_object_object_id": null, "timestamp": "2019-06-03T12:55:23.296Z", "public": true, "deleted": false, "emailed": false, "data": null}}, {"model": "notifications.notification", "pk": 54, "fields": {"level": "info", "recipient": 14, "unread": false, "actor_content_type": 4, "actor_object_id": "15", "verb": "\u56de\u590d\u4e86\u4f60", "description": null, "target_content_type": 7, "target_object_id": "31", "action_object_content_type": 9, "action_object_object_id": null, "timestamp": "2019-06-03T12:55:44.763Z", "public": true, "deleted": false, "emailed": false, "data": null}}, {"model": "notifications.notification", "pk": 55, "fields": {"level": "info", "recipient": 14, "unread": false, "actor_content_type": 4, "actor_object_id": "15", "verb": "\u56de\u590d\u4e86\u4f60", "description": null, "target_content_type": 7, "target_object_id": "31", "action_object_content_type": 9, "action_object_object_id": null, "timestamp": "2019-06-03T12:55:50.272Z", "public": true, "deleted": false, "emailed": false, "data": null}}, {"model": "notifications.notification", "pk": 56, "fields": {"level": "info", "recipient": 14, "unread": false, "actor_content_type": 4, "actor_object_id": "15", "verb": "\u56de\u590d\u4e86\u4f60", "description": null, "target_content_type": 7, "target_object_id": "31", "action_object_content_type": 9, "action_object_object_id": null, "timestamp": "2019-06-03T12:55:55.266Z", "public": true, "deleted": false, "emailed": false, "data": null}}, {"model": "notifications.notification", "pk": 57, "fields": {"level": "info", "recipient": 14, "unread": false, "actor_content_type": 4, "actor_object_id": "15", "verb": "\u56de\u590d\u4e86\u4f60", "description": null, "target_content_type": 7, "target_object_id": "31", "action_object_content_type": 9, "action_object_object_id": null, "timestamp": "2019-06-03T13:03:09.175Z", "public": true, "deleted": false, "emailed": false, "data": null}}, {"model": "notifications.notification", "pk": 58, "fields": {"level": "info", "recipient": 14, "unread": false, "actor_content_type": 4, "actor_object_id": "15", "verb": "\u56de\u590d\u4e86\u4f60", "description": null, "target_content_type": 7, "target_object_id": "32", "action_object_content_type": 9, "action_object_object_id": null, "timestamp": "2019-06-04T11:58:05.298Z", "public": true, "deleted": false, "emailed": false, "data": null}}, {"model": "notifications.notification", "pk": 59, "fields": {"level": "info", "recipient": 14, "unread": false, "actor_content_type": 4, "actor_object_id": "15", "verb": "\u56de\u590d\u4e86\u4f60", "description": null, "target_content_type": 7, "target_object_id": "31", "action_object_content_type": 9, "action_object_object_id": null, "timestamp": "2019-06-04T11:59:09.603Z", "public": true, "deleted": false, "emailed": false, "data": null}}, {"model": "notifications.notification", "pk": 60, "fields": {"level": "info", "recipient": 14, "unread": false, "actor_content_type": 4, "actor_object_id": "15", "verb": "\u56de\u590d\u4e86\u4f60", "description": null, "target_content_type": 7, "target_object_id": "32", "action_object_content_type": 9, "action_object_object_id": "92", "timestamp": "2019-06-04T12:06:18.447Z", "public": true, "deleted": false, "emailed": false, "data": null}}, {"model": "notifications.notification", "pk": 61, "fields": {"level": "info", "recipient": 14, "unread": false, "actor_content_type": 4, "actor_object_id": "15", "verb": "\u56de\u590d\u4e86\u4f60", "description": null, "target_content_type": 7, "target_object_id": "30", "action_object_content_type": 9, "action_object_object_id": "93", "timestamp": "2019-06-04T12:36:29.167Z", "public": true, "deleted": false, "emailed": false, "data": null}}, {"model": "notifications.notification", "pk": 62, "fields": {"level": "info", "recipient": 14, "unread": false, "actor_content_type": 4, "actor_object_id": "15", "verb": "\u56de\u590d\u4e86\u4f60", "description": null, "target_content_type": 7, "target_object_id": "31", "action_object_content_type": 9, "action_object_object_id": "94", "timestamp": "2019-06-04T12:36:44.216Z", "public": true, "deleted": false, "emailed": false, "data": null}}, {"model": "notifications.notification", "pk": 63, "fields": {"level": "info", "recipient": 15, "unread": false, "actor_content_type": 4, "actor_object_id": "14", "verb": "\u56de\u590d\u4e86\u4f60", "description": null, "target_content_type": 7, "target_object_id": "30", "action_object_content_type": 9, "action_object_object_id": "96", "timestamp": "2019-06-04T12:51:30.407Z", "public": true, "deleted": false, "emailed": false, "data": null}}, {"model": "notifications.notification", "pk": 64, "fields": {"level": "info", "recipient": 14, "unread": true, "actor_content_type": 4, "actor_object_id": "15", "verb": "\u56de\u590d\u4e86\u4f60", "description": null, "target_content_type": 7, "target_object_id": "32", "action_object_content_type": 9, "action_object_object_id": "97", "timestamp": "2019-06-04T13:20:06.233Z", "public": true, "deleted": false, "emailed": false, "data": null}}, {"model": "notifications.notification", "pk": 65, "fields": {"level": "info", "recipient": 14, "unread": false, "actor_content_type": 4, "actor_object_id": "15", "verb": "\u56de\u590d\u4e86\u4f60", "description": null, "target_content_type": 7, "target_object_id": "21", "action_object_content_type": 9, "action_object_object_id": "101", "timestamp": "2019-06-05T08:32:36.619Z", "public": true, "deleted": false, "emailed": false, "data": null}}, {"model": "notifications.notification", "pk": 66, "fields": {"level": "info", "recipient": 15, "unread": true, "actor_content_type": 4, "actor_object_id": "14", "verb": "\u56de\u590d\u4e86\u4f60", "description": null, "target_content_type": 7, "target_object_id": "21", "action_object_content_type": 9, "action_object_object_id": "103", "timestamp": "2019-06-05T08:39:04.491Z", "public": true, "deleted": false, "emailed": false, "data": null}}, {"model": "notifications.notification", "pk": 67, "fields": {"level": "info", "recipient": 15, "unread": true, "actor_content_type": 4, "actor_object_id": "14", "verb": "\u56de\u590d\u4e86\u4f60", "description": null, "target_content_type": 7, "target_object_id": "32", "action_object_content_type": 9, "action_object_object_id": "106", "timestamp": "2019-09-24T13:57:24.410Z", "public": true, "deleted": false, "emailed": false, "data": null}}, {"model": "article.articlepost", "pk": 19, "fields": {"author": 14, "avatar": "article/20190624/\u5a01\u5c3c\u65af.jpg", "column": 1, "title": "\u4f5c\u6587", "body": "\u4e0b\u6559\u5e08\u8d44\u683c\u8bc1\u7efc\u5408\u7d20\u8d28\u4f5c\u6587\u4e3b\u9898\u9884\u6d4b\u4e00\uff0c\u6211\u7684\u76f4\u89c9\u4e00\u5411\u51c6\uff0c\u61c2\u5f97\u90fd\u61c2", "total_views": 48, "likes": 0, "created": "2022-09-26T03:30:11Z", "updated": "2022-09-26T03:30:11Z"}}, {"model": "article.articlepost", "pk": 20, "fields": {"author": 14, "avatar": "", "column": 1, "title": "\u5976\u8336", "body": "\u4eca\u5929\u7684\u5976\u8336\u662f\u53cc\u4efd\u7cd6\uff0c\u4e3a\u4ec0\u4e48\u5462\uff1f\u56e0\u4e3a\u4eca\u5929\u662f\u534a\u7cd6\u5f00\u64ad\u4e24\u5468\u5e74\u5566\uff01", "total_views": 407, "likes": 0, "created": "2022-09-26T03:30:11Z", "updated": "2022-09-26T03:30:11Z"}}, {"model": "article.articlepost", "pk": 21, "fields": {"author": 14, "avatar": "", "column": 1, "title": "\u7231\u5a9b\u73cd\u73e0", "body": "\u7231\u5a9b\u53bf\u7684\u73cd\u73e0\u4ea7\u91cf\u5728\u65e5\u672c\u540d\u5217\u524d\u8305\uff0c\u4ece\u6bcd\u8d1d\u751f\u4ea7\u5230\u73cd\u73e0\u517b\u6b96\uff0c\u90fd\u7ecf\u8fc7\u4e86\u4e25\u683c\u7684\u628a\u63a7\uff0c\u56e0\u6b64\u624d\u6709\u4e86\u53c8\u5927\u53c8\u4eae\u7684\u7231\u5a9b\u73cd\u73e0[\u597d\u559c\u6b22]\u7231\u5a9b\u7684\u73cd\u73e0\u4f60\u503c\u5f97\u62e5\u6709\uff01", "total_views": 34, "likes": 1, "created": "2022-09-26T03:30:11Z", "updated": "2022-09-26T03:30:11Z"}}, {"model": "article.articlepost", "pk": 22, "fields": {"author": 14, "avatar": "", "column": null, "title": "\u60c5\u7eea", "body": "\u4eba\u4e0e\u4eba\u7684\u60c5\u611f\u4ea4\u6d41\u5728\u9700\u8981\u4e0e\u7406\u89e3\u4e4b\u95f4\u53d1\u751f\uff0c\u60a3\u8005\u671f\u671b\u533b\u751f\u80fd\u7406\u89e3\u4ed6\u4eec\u3002\r\n\r\n\u4ece\u533b\u4e8c\u5341\u4f59\u5e74\uff0c\u63a5\u8bca\u8fc7\u6765\u81ea\u4e94\u6e56\u56db\u6d77\u7684\u60a3\u8005\u670b\u53cb\u3002\r\n\r\n\u4ece\u4ed6\u4eec\u8eab\u4e0a\u6211\u770b\u8fc7\u592a\u591a\u592a\u591a\u8270\u96be\u7684\u5bfb\u533b\u5386\u7a0b\uff0c\u6240\u4ee5\u6bcf\u4e00\u4e2a\u8bca\u7597\u8fc7\u7a0b\u90fd\u662f\u4e00\u4e2a\u96be\u5f97\u6545\u4e8b\u3002\r\n\r\n\u60a3\u8005\u6709\u6545\u4e8b\u8981\u8bb2\uff0c\u6709\u60c5\u7eea\u8981\u5ba3\u6cc4\uff0c\u6709\u5fc3\u7406\u8d1f\u62c5\u8981\u89e3\u8131\uff0c\u8fd9\u4e2a\u8fc7\u7a0b\u4e5f\u662f\u6cbb\u7597", "total_views": 15, "likes": 0, "created": "2022-09-26T03:30:11Z", "updated": "2022-09-26T03:30:11Z"}}, {"model": "article.articlepost", "pk": 23, "fields": {"author": 14, "avatar": "", "column": null, "title": "\u5fc3\u7406", "body": "\u8003\u8bc1\u8d85\u8bdd#\u5fc3\u7406\u5b66#\u5982\u4f55\u5feb\u901f\u62ff\u5230\u5fc3\u7406\u54a8\u8be2\u5e08\u8bc1\u4e66\uff0c\u5fc3\u7406\u5927\u5e08\u514d\u8d39\u5206\u4eab\u5b66\u4e60\u5fc3\u5f97 \u5b66\u4e60\u5165\u53e3 \u5e76\u8d60\u9001\u591a\u5957\u5b66\u4e60\u8d44\u6599[\u51b2\u523a] [\u51b2\u523a] \u9886\u53d6\u5165\u53e3<<< \u200b\u200b\u200b", "total_views": 33, "likes": 0, "created": "2022-09-26T03:30:11Z", "updated": "2022-09-26T03:30:11Z"}}, {"model": "article.articlepost", "pk": 24, "fields": {"author": 14, "avatar": "", "column": 3, "title": "\u793c\u7269", "body": "\u201c\u6211\u4e0d\u8fc7\u8282\u201d\r\n\u4e0d\u8fc7\u8282\u53ef\u4ee5\u6ca1\u6709\u4eea\u5f0f\u53ef\u4ee5\u6ca1\u6709\u793c\u7269\uff0c\u4f46\u662f\u8be5\u6253\u94b1\u5c31\u6253\u94b1\u3002\u4e0d\u7136\u5462\uff1f", "total_views": 38, "likes": 0, "created": "2022-09-26T03:30:11Z", "updated": "2022-09-26T03:30:11Z"}}, {"model": "article.articlepost", "pk": 25, "fields": {"author": 14, "avatar": "", "column": 2, "title": "\u8003\u8bd5", "body": "\u6613\u5e08\u800323\u5e74\u6559\u7efc\u7b14\u8bd5\u8bfe\u7a0b\u8bfe\u5802\u5b9e\u5f55\uff1a\u5faa\u5e8f\u6e10\u8fdb\u6559\u5b66\u539f\u5219", "total_views": 88, "likes": 0, "created": "2022-09-26T03:30:11Z", "updated": "2022-09-26T03:30:11Z"}}, {"model": "article.articlepost", "pk": 30, "fields": {"author": 14, "avatar": "article/20190226/pic1.jpg", "column": 2, "title": "\u65c5\u6e38", "body": "\u627f\u8ba4\u7269\u79cd\u591a\u6837\u6027//@\u5e03\u4e01\u8587HQ:\u5fc3\u60c5\u5982\u6700\u53f3//@\u91cd\u751f\u4e4b\u6211\u662f\u9f9a\u4fca\u8001\u5a46:\u56fe\u7247\u8bc4\u8bba \u67e5\u770b\u56fe\u7247", "total_views": 62, "likes": 1, "created": "2022-09-26T03:30:11Z", "updated": "2022-09-26T03:30:11Z"}}, {"model": "article.articlepost", "pk": 31, "fields": {"author": 14, "avatar": "article/20190226/12.jpg", "column": 1, "title": "\u9999\u6e2f", "body": "\u9999\u6e2f\uff08\u7b80\u79f0\u6e2f\uff0c\u96c5\u79f0\u9999\u6c5f\uff1b\u82f1\u8bed\uff1aHong Kong\uff0c\u7f29\u5199\u4f5c HK\u3001HKSAR\uff09\u662f\u4e2d\u534e\u4eba\u6c11\u5171\u548c\u56fd\u4e24\u4e2a\u7279\u522b\u884c\u653f\u533a\u4e4b\u4e00\uff0c\u4f4d\u4e8e\u5357\u6d77\u5317\u5cb8\u3001\u73e0\u6c5f\u53e3\u4e1c\u4fa7\uff0c\u5317\u63a5\u5e7f\u4e1c\u7701\u6df1\u5733\u5e02\uff0c\u897f\u9762\u4e0e\u90bb\u8fd1\u7684\u6fb3\u95e8\u7279\u522b\u884c\u653f\u533a\u76f8\u8ddd63\u516c\u91cc\uff0c\u5176\u4f59\u4e24\u9762\u4e0e\u5357\u6d77\u90bb\u63a5\u3002\r\n\u9999\u6e2f\u5168\u5883\u7531\u9999\u6e2f\u5c9b\u3001\u4e5d\u9f99\u548c\u65b0\u754c\u7ec4\u6210\uff0c\u5176\u4e2d\u9999\u6e2f\u5c9b\u5317\u6700\u4e3a\u53d1\u8fbe\uff1b\u5730\u7406\u73af\u5883\u4e0a\u5219\u7531\u4e5d\u9f99\u534a\u5c9b\u7b49\u5927\u9646\u571f\u5730\u3001\u4ee5\u53ca263\u4e2a\u5c9b\u5c7f\u6784\u6210[5]\uff0c\u4eba\u53e3\u7ea6741\u4e07\u4eba\u3002\r\n\u9999\u6e2f\u662f\u4e16\u754c\u4e0a\u76f8\u5f53\u91cd\u8981\u7684\u56fd\u9645\u91d1\u878d\u3001\u5de5\u5546\u670d\u52a1\u4e1a\u53ca\u822a\u8fd0\u4e2d\u5fc3\uff0c\u8fde\u7eed24\u5e74\u8749\u8054\u5168\u7403\u6700\u81ea\u7531\u7ecf\u6d4e\u4f53\uff0c\u5e76\u51ed\u6cbb\u5b89\u4f18\u826f\u3001\u793e\u4f1a\u5ec9\u6d01\u3001\u7a0e\u5236\u7b80\u5355\u548c\u6cd5\u5f8b\u5236\u5ea6\u5065\u5168\u95fb\u540d\u4e8e\u4e16\uff0c\u6709\u201c\u4e1c\u65b9\u4e4b\u73e0\u201d\u7684\u7f8e\u8a89\u3002\u57282018\u5e74GaWC\u516c\u5e03\u7684\u4e16\u754c\u5168\u7403\u90fd\u5e02\u5217\u8868\u4e2d\uff0c\u9999\u6e2f\u4ec5\u6b21\u4e8e\u4f26\u6566\u3001\u7ebd\u7ea6\u4f4d\u5217\u7b2c\u4e09\u3002\u201c\u4e9a\u6d32\u56fd\u9645\u90fd\u4f1a\u201d\u5219\u4e3a\u5b98\u65b9\u5b9a\u4f4d\u7684\u9999\u6e2f\u54c1\u724c\u3002\u9999\u6e2f\u540c\u65f6\u4e3a\u5168\u7403\u9996\u5c48\u4e00\u6307\u7684\u5b89\u5168\u3001\u7ecf\u6d4e\u53d1\u8fbe\u3001\u751f\u6d3b\u5bcc\u8db3\u3001\u5177\u7ade\u4e89\u529b\u3001\u9002\u5b9c\u5c45\u4f4f\u4ee5\u53ca\u4eba\u5747\u5bff\u547d\u6700\u957f\u7684\u5927\u90fd\u4f1a\u3002", "total_views": 164, "likes": 1, "created": "2022-09-26T03:30:11Z", "updated": "2022-09-26T03:30:11Z"}}, {"model": "article.articlepost", "pk": 32, "fields": {"author": 14, "avatar": "article/20190226/4.jpg", "column": 3, "title": "\r\n\u521d\u590fStudio\r\n", "body": "\u4eba\u662f\u4e0d\u53ef\u80fd\u505c\u4e0b\u6765\u7684\uff0c\u53ea\u6709\u6cbf\u7740\u81ea\u5df1\u7684\u8def\u7ee7\u7eed\u8d70\u4e0b\u53bb  \u200b\u200b\u200b", "total_views": 598, "likes": 6, "created": "2022-09-26T03:30:11Z", "updated": "2022-09-26T03:30:11Z"}}, {"model": "userprofile.profile", "pk": 1, "fields": {"user": 14, "phone": "13812345673", "avatar": "avatar/20190707/ultrasmall.jpg", "bio": "\u6211\u7231Django\uff01\uff01"}}, {"model": "userprofile.profile", "pk": 2, "fields": {"user": 15, "phone": "12222222222", "avatar": "", "bio": "test"}}, {"model": "comment.comment", "pk": 29, "fields": {"article": 20, "user": 15, "parent": null, "reply_to": null, "body": "<p>\u6211\u662f<strong>\u4e00\u7ea7\u8bc4\u8bba</strong>\uff0c\u662f\u6240\u6709\u8bc4\u8bba\u7684<strong><span style=\"color:#e74c3c\">\u6811\u6839</span></strong><img alt=\"laugh\" height=\"23\" src=\"http://127.0.0.1:8000/static/ckeditor/ckeditor/plugins/smiley/images/teeth_smile.png\" title=\"laugh\" width=\"23\" /></p>", "created": null, "lft": 1, "rght": 8, "tree_id": 1, "level": 0}}, {"model": "comment.comment", "pk": 30, "fields": {"article": 20, "user": 14, "parent": 29, "reply_to": 15, "body": "<p>\u6211\u662f<strong>\u4e8c\u7ea7\u8bc4\u8bba</strong></p>\n\n<p>\u6211\u8bc4\u8bba\u7ed9\u4e86<span style=\"color:#2980b9\"><strong>diaowei</strong></span>\u540c\u5fd7<img alt=\"cheeky\" height=\"23\" src=\"http://127.0.0.1:8000/static/ckeditor/ckeditor/plugins/smiley/images/tongue_smile.png\" title=\"cheeky\" width=\"23\" /></p>", "created": null, "lft": 2, "rght": 3, "tree_id": 1, "level": 1}}, {"model": "comment.comment", "pk": 31, "fields": {"article": 20, "user": 15, "parent": 29, "reply_to": 14, "body": "<p>\u6211\u662f<strong>\u4e09\u7ea7\u8bc4\u8bba</strong></p>\n\n<p>\u8bc4\u8bba\u7ed9\u4e86<strong>\u4e8c\u7ea7\u8bc4\u8bba</strong>\u4e2d\u7684<strong><span style=\"color:#8e44ad\">dusai</span></strong>\u540c\u5fd7</p>\n\n<p>\u4f46\u662f\u6211\u4f1a\u88ab<span style=\"color:#16a085\"><strong>\u5f3a\u5236\u8f6c\u6362</strong></span>\u4e3a<strong>\u4e8c\u7ea7\u8bc4\u8bba</strong><img alt=\"surprise\" height=\"23\" src=\"http://127.0.0.1:8000/static/ckeditor/ckeditor/plugins/smiley/images/omg_smile.png\" title=\"surprise\" width=\"23\" /></p>", "created": null, "lft": 4, "rght": 5, "tree_id": 1, "level": 1}}, {"model": "comment.comment", "pk": 32, "fields": {"article": 32, "user": 14, "parent": null, "reply_to": null, "body": "<p><strong><span style=\"color:#c0392b\">\u6587\u7ae0</span>\u5199\u5f97\u5f88\u68d2\uff01</strong><img alt=\"laugh\" height=\"23\" src=\"http://127.0.0.1:8000/static/ckeditor/ckeditor/plugins/smiley/images/teeth_smile.png\" title=\"laugh\" width=\"23\" /></p>", "created": null, "lft": 1, "rght": 32, "tree_id": 2, "level": 0}}, {"model": "comment.comment", "pk": 33, "fields": {"article": 32, "user": 15, "parent": 32, "reply_to": 14, "body": "<p><strong>\u8d5e\u540c\uff01</strong><img alt=\"yes\" height=\"23\" src=\"http://127.0.0.1:8000/static/ckeditor/ckeditor/plugins/smiley/images/thumbs_up.png\" title=\"yes\" width=\"23\" /></p>", "created": null, "lft": 2, "rght": 3, "tree_id": 2, "level": 1}}, {"model": "comment.comment", "pk": 34, "fields": {"article": 32, "user": 15, "parent": 32, "reply_to": 14, "body": "<p>\u8d5e\u540c+2<img alt=\"heart\" height=\"23\" src=\"http://127.0.0.1:8000/static/ckeditor/ckeditor/plugins/smiley/images/heart.png\" title=\"heart\" width=\"23\" /></p>", "created": null, "lft": 4, "rght": 5, "tree_id": 2, "level": 1}}, {"model": "comment.comment", "pk": 35, "fields": {"article": 20, "user": 15, "parent": 29, "reply_to": 14, "body": "<p>\u901a\u77e5\u529f\u80fd\u4e5f\u5199\u597d\u4e86<img alt=\"angel\" height=\"23\" src=\"http://127.0.0.1:8000/static/ckeditor/ckeditor/plugins/smiley/images/angel_smile.png\" title=\"angel\" width=\"23\" /></p>", "created": null, "lft": 6, "rght": 7, "tree_id": 1, "level": 1}}, {"model": "comment.comment", "pk": 42, "fields": {"article": 32, "user": 15, "parent": 32, "reply_to": 14, "body": "<p>\u6d4b\u8bd5\u901a\u77e5\u529f\u80fd</p>", "created": null, "lft": 18, "rght": 19, "tree_id": 2, "level": 1}}, {"model": "comment.comment", "pk": 46, "fields": {"article": 31, "user": 14, "parent": null, "reply_to": null, "body": "<p><strong>\u6240\u6709\u7559\u8a00</strong>\u90fd\u4f1a\u7ed9<strong>\u7ba1\u7406\u5458</strong>\u53d1\u9001\u901a\u77e5</p>", "created": null, "lft": 1, "rght": 16, "tree_id": 3, "level": 0}}, {"model": "comment.comment", "pk": 47, "fields": {"article": 31, "user": 15, "parent": null, "reply_to": null, "body": "<p>\u672c\u6761\u4e5f\u4f1a\u7ed9\u7ba1\u7406\u5458\u53d1\u9001\u901a\u77e5</p>", "created": null, "lft": 1, "rght": 8, "tree_id": 4, "level": 0}}, {"model": "comment.comment", "pk": 48, "fields": {"article": 31, "user": 15, "parent": 46, "reply_to": 14, "body": "<p>\u4e8c\u7ea7\u8bc4\u8bba\u4e0d\u4f1a\u7ed9\u7ba1\u7406\u5458\u91cd\u590d\u53d1\u9001\u901a\u77e5</p>", "created": null, "lft": 2, "rght": 3, "tree_id": 3, "level": 1}}, {"model": "comment.comment", "pk": 49, "fields": {"article": 31, "user": 14, "parent": 46, "reply_to": 15, "body": "<p>\u8bc4\u8bba\u7ed9\u666e\u901a\u7528\u6237\u7684\u901a\u77e5<img alt=\"yes\" height=\"23\" src=\"http://127.0.0.1:8000/static/ckeditor/ckeditor/plugins/smiley/images/thumbs_up.png\" title=\"yes\" width=\"23\" /></p>", "created": null, "lft": 4, "rght": 5, "tree_id": 3, "level": 1}}, {"model": "comment.comment", "pk": 50, "fields": {"article": 31, "user": 14, "parent": 47, "reply_to": 15, "body": "<p>\u4e00\u7ea7\u8bc4\u8bba\u4e5f\u6709\u901a\u77e5</p>", "created": null, "lft": 2, "rght": 3, "tree_id": 4, "level": 1}}, {"model": "comment.comment", "pk": 90, "fields": {"article": 32, "user": 15, "parent": null, "reply_to": null, "body": "<p>\u6d4b\u8bd5\u8bc4\u8bba\u951a\u70b9</p>", "created": null, "lft": 1, "rght": 4, "tree_id": 5, "level": 0}}, {"model": "comment.comment", "pk": 91, "fields": {"article": 31, "user": 15, "parent": null, "reply_to": null, "body": "<p><img alt=\"heart\" height=\"23\" src=\"http://127.0.0.1:8000/static/ckeditor/ckeditor/plugins/smiley/images/heart.png\" title=\"heart\" width=\"23\" /></p>", "created": null, "lft": 1, "rght": 2, "tree_id": 6, "level": 0}}, {"model": "comment.comment", "pk": 92, "fields": {"article": 32, "user": 15, "parent": null, "reply_to": null, "body": "<p><img alt=\"yes\" height=\"23\" src=\"http://127.0.0.1:8000/static/ckeditor/ckeditor/plugins/smiley/images/thumbs_up.png\" title=\"yes\" width=\"23\" /></p>", "created": null, "lft": 1, "rght": 2, "tree_id": 7, "level": 0}}, {"model": "comment.comment", "pk": 93, "fields": {"article": 30, "user": 15, "parent": null, "reply_to": null, "body": "<p><img alt=\"mail\" height=\"23\" src=\"http://127.0.0.1:8000/static/ckeditor/ckeditor/plugins/smiley/images/envelope.png\" title=\"mail\" width=\"23\" /></p>", "created": null, "lft": 1, "rght": 6, "tree_id": 8, "level": 0}}, {"model": "comment.comment", "pk": 94, "fields": {"article": 31, "user": 15, "parent": null, "reply_to": null, "body": "<p>\u518d\u6b21\u8bc4\u8bba<img alt=\"devil\" height=\"23\" src=\"http://127.0.0.1:8000/static/ckeditor/ckeditor/plugins/smiley/images/devil_smile.png\" title=\"devil\" width=\"23\" /></p>", "created": null, "lft": 1, "rght": 2, "tree_id": 9, "level": 0}}, {"model": "comment.comment", "pk": 95, "fields": {"article": 30, "user": 14, "parent": null, "reply_to": null, "body": "<p>\u563f\u563f~</p>", "created": null, "lft": 1, "rght": 2, "tree_id": 10, "level": 0}}, {"model": "comment.comment", "pk": 96, "fields": {"article": 30, "user": 14, "parent": 93, "reply_to": 15, "body": "<p><img alt=\"kiss\" height=\"23\" src=\"http://127.0.0.1:8000/static/ckeditor/ckeditor/plugins/smiley/images/kiss.png\" title=\"kiss\" width=\"23\" /></p>", "created": null, "lft": 2, "rght": 3, "tree_id": 8, "level": 1}}, {"model": "comment.comment", "pk": 97, "fields": {"article": 32, "user": 15, "parent": null, "reply_to": null, "body": "<p><img alt=\"heart\" height=\"23\" src=\"http://127.0.0.1:8000/static/ckeditor/ckeditor/plugins/smiley/images/heart.png\" title=\"heart\" width=\"23\" /></p>", "created": null, "lft": 1, "rght": 2, "tree_id": 11, "level": 0}}, {"model": "comment.comment", "pk": 98, "fields": {"article": 32, "user": 15, "parent": 32, "reply_to": 15, "body": "<p><img alt=\"angry\" height=\"23\" src=\"http://127.0.0.1:8000/static/ckeditor/ckeditor/plugins/smiley/images/angry_smile.png\" title=\"angry\" width=\"23\" /></p>", "created": null, "lft": 28, "rght": 29, "tree_id": 2, "level": 1}}, {"model": "comment.comment", "pk": 99, "fields": {"article": 32, "user": 15, "parent": 32, "reply_to": 15, "body": "<p><img alt=\"angry\" height=\"23\" src=\"http://127.0.0.1:8000/static/ckeditor/ckeditor/plugins/smiley/images/angry_smile.png\" title=\"angry\" width=\"23\" /></p>", "created": null, "lft": 30, "rght": 31, "tree_id": 2, "level": 1}}, {"model": "comment.comment", "pk": 100, "fields": {"article": 30, "user": 15, "parent": 93, "reply_to": 14, "body": "<p>\u8d5e\u540c</p>", "created": null, "lft": 4, "rght": 5, "tree_id": 8, "level": 1}}, {"model": "comment.comment", "pk": 101, "fields": {"article": 21, "user": 15, "parent": null, "reply_to": null, "body": "<p>1</p>", "created": null, "lft": 1, "rght": 8, "tree_id": 12, "level": 0}}, {"model": "comment.comment", "pk": 102, "fields": {"article": 21, "user": 15, "parent": 101, "reply_to": 15, "body": "<p>2</p>", "created": null, "lft": 2, "rght": 3, "tree_id": 12, "level": 1}}, {"model": "comment.comment", "pk": 103, "fields": {"article": 21, "user": 14, "parent": 101, "reply_to": 15, "body": "<p>3</p>", "created": null, "lft": 4, "rght": 5, "tree_id": 12, "level": 1}}, {"model": "comment.comment", "pk": 104, "fields": {"article": 21, "user": 14, "parent": 101, "reply_to": 14, "body": "<p>4</p>", "created": null, "lft": 6, "rght": 7, "tree_id": 12, "level": 1}}, {"model": "comment.comment", "pk": 105, "fields": {"article": 32, "user": 14, "parent": null, "reply_to": null, "body": "<p>\u9ad8\u7ea7\u7070\u5728\u6c34\u7c89\u753b\u4e2d\u7279\u6307\u4e00\u4e2a\u8272\u7cfb\u6216\u4e00\u7ec4\u8272\u3002 \u8272\u5f69\u7ecf\u8fc7\u8c03\u5408\u7eaf\u5ea6\u901a\u5e38\u504f\u4f4e\u7ed9\u4eba\u7684\u611f\u89c9\u548c\u8c10\uff0c\u800c\u4e0d\u662f\u5355\u72ec\u4e00\u4e2a\u8272\u3002 \u56e0\u4e3a\u8272\u5f69\u7684\u8fd0\u7528\u5173\u952e\u5728\u4e8e\u642d\u914d\uff0c\u6ca1\u6709\u4e00\u4e2a\u8272\u662f\u72ec\u7acb\u5b58\u5728\u3002 \u9ad8\u7ea7\u7070\u67d4\u548c\uff0c\u5e73\u9759\uff0c\u7a33\u91cd\uff0c\u548c\u8c10\uff0c\u7edf\u4e00\uff0c\u4e0d\u5f3a\u70c8\uff0c\u4e0d\u523a\u773c\uff0c\u6ca1\u6709\u51b2\u7a81\uff0c\u8272\u5f69\u5185\u542b\u7684\u5143\u7d20\u662f\u590d\u6742\u7684\u800c\u975e\u5355\u7eaf\u7684\u3002</p>", "created": null, "lft": 1, "rght": 2, "tree_id": 13, "level": 0}}, {"model": "comment.comment", "pk": 106, "fields": {"article": 32, "user": 14, "parent": 90, "reply_to": 15, "body": "<p>123</p>", "created": null, "lft": 2, "rght": 3, "tree_id": 5, "level": 1}}, {"model": "admin.logentry", "pk": 18, "fields": {"action_time": null, "user": 14, "content_type": 4, "object_id": "14", "object_repr": "dusai", "action_flag": 2, "change_message": "[{\"changed\": {\"name\": \"profile\", \"object\": \"user dusai\", \"fields\": [\"bio\"]}}]"}}, {"model": "admin.logentry", "pk": 19, "fields": {"action_time": null, "user": 14, "content_type": 4, "object_id": "14", "object_repr": "dusai", "action_flag": 2, "change_message": "[{\"changed\": {\"name\": \"profile\", \"object\": \"user dusai\", \"fields\": [\"bio\"]}}]"}}, {"model": "admin.logentry", "pk": 20, "fields": {"action_time": null, "user": 14, "content_type": 4, "object_id": "14", "object_repr": "dusai", "action_flag": 2, "change_message": "[{\"changed\": {\"name\": \"profile\", \"object\": \"user dusai\", \"fields\": [\"bio\"]}}]"}}, {"model": "admin.logentry", "pk": 21, "fields": {"action_time": null, "user": 14, "content_type": 7, "object_id": "20", "object_repr": "\u6d4b\u8bd5md\u6587\u7ae0", "action_flag": 2, "change_message": "[{\"changed\": {\"fields\": [\"title\", \"body\"]}}]"}}, {"model": "admin.logentry", "pk": 22, "fields": {"action_time": null, "user": 14, "content_type": 4, "object_id": "15", "object_repr": "diaowei", "action_flag": 1, "change_message": "[{\"added\": {}}]"}}, {"model": "admin.logentry", "pk": 23, "fields": {"action_time": null, "user": 14, "content_type": 10, "object_id": "1", "object_repr": "Django", "action_flag": 1, "change_message": "[{\"added\": {}}]"}}, {"model": "admin.logentry", "pk": 24, "fields": {"action_time": null, "user": 14, "content_type": 10, "object_id": "2", "object_repr": "Java", "action_flag": 1, "change_message": "[{\"added\": {}}]"}}, {"model": "admin.logentry", "pk": 25, "fields": {"action_time": null, "user": 14, "content_type": 10, "object_id": "3", "object_repr": "HTML", "action_flag": 1, "change_message": "[{\"added\": {}}]"}}, {"model": "admin.logentry", "pk": 26, "fields": {"action_time": null, "user": 14, "content_type": 7, "object_id": "26", "object_repr": "\u6d4b\u8bd5\u7c7b\u89c6\u56fe\u521b\u5efa\u6587\u7ae0", "action_flag": 2, "change_message": "[]"}}, {"model": "admin.logentry", "pk": 27, "fields": {"action_time": null, "user": 14, "content_type": 7, "object_id": "26", "object_repr": "\u6d4b\u8bd5\u7c7b\u89c6\u56fe\u521b\u5efa\u6587\u7ae0", "action_flag": 2, "change_message": "[{\"changed\": {\"fields\": [\"column\"]}}]"}}, {"model": "admin.logentry", "pk": 28, "fields": {"action_time": null, "user": 14, "content_type": 7, "object_id": "25", "object_repr": "\u6d4b\u8bd5\u641c\u7d22\u529f\u80fd", "action_flag": 2, "change_message": "[{\"changed\": {\"fields\": [\"column\"]}}]"}}, {"model": "admin.logentry", "pk": 29, "fields": {"action_time": null, "user": 14, "content_type": 7, "object_id": "24", "object_repr": "Java \u7f16\u7a0b\u8bed\u8a00", "action_flag": 2, "change_message": "[{\"changed\": {\"fields\": [\"column\"]}}]"}}, {"model": "admin.logentry", "pk": 30, "fields": {"action_time": null, "user": 14, "content_type": 7, "object_id": "26", "object_repr": "\u6d4b\u8bd5\u7c7b\u89c6\u56fe\u521b\u5efa\u6587\u7ae0", "action_flag": 2, "change_message": "[{\"changed\": {\"fields\": [\"tags\"]}}]"}}, {"model": "admin.logentry", "pk": 31, "fields": {"action_time": null, "user": 14, "content_type": 7, "object_id": "20", "object_repr": "\u4e66\u5199md\u6587\u7ae0", "action_flag": 2, "change_message": "[{\"changed\": {\"fields\": [\"title\", \"body\", \"tags\"]}}]"}}, {"model": "admin.logentry", "pk": 32, "fields": {"action_time": null, "user": 14, "content_type": 7, "object_id": "20", "object_repr": "\u4e66\u5199md\u6587\u7ae0", "action_flag": 2, "change_message": "[{\"changed\": {\"fields\": [\"body\", \"tags\"]}}]"}}, {"model": "admin.logentry", "pk": 33, "fields": {"action_time": null, "user": 14, "content_type": 7, "object_id": "20", "object_repr": "\u4e66\u5199md\u6587\u7ae0", "action_flag": 2, "change_message": "[{\"changed\": {\"fields\": [\"body\", \"tags\"]}}]"}}, {"model": "admin.logentry", "pk": 34, "fields": {"action_time": null, "user": 14, "content_type": 4, "object_id": "14", "object_repr": "dusai", "action_flag": 2, "change_message": "[]"}}, {"model": "admin.logentry", "pk": 35, "fields": {"action_time": null, "user": 14, "content_type": 4, "object_id": "14", "object_repr": "dusai", "action_flag": 2, "change_message": "[{\"changed\": {\"name\": \"profile\", \"object\": \"user dusai\", \"fields\": [\"avatar\"]}}]"}}, {"model": "admin.logentry", "pk": 36, "fields": {"action_time": null, "user": 14, "content_type": 4, "object_id": "14", "object_repr": "dusai", "action_flag": 2, "change_message": "[]"}}, {"model": "admin.logentry", "pk": 37, "fields": {"action_time": null, "user": 14, "content_type": 4, "object_id": "14", "object_repr": "dusai", "action_flag": 2, "change_message": "[]"}}, {"model": "admin.logentry", "pk": 38, "fields": {"action_time": null, "user": 14, "content_type": 7, "object_id": "33", "object_repr": "1", "action_flag": 1, "change_message": "[{\"added\": {}}]"}}, {"model": "admin.logentry", "pk": 39, "fields": {"action_time": null, "user": 14, "content_type": 7, "object_id": "33", "object_repr": "1", "action_flag": 3, "change_message": ""}}, {"model": "admin.logentry", "pk": 40, "fields": {"action_time": null, "user": 14, "content_type": 9, "object_id": "1", "object_repr": "<h2><strong>\u6211\u4e00\u5b9a\u8981\u5b66\u597dDj", "action_flag": 2, "change_message": "[{\"changed\": {\"fields\": [\"body\"]}}]"}}, {"model": "admin.logentry", "pk": 41, "fields": {"action_time": null, "user": 14, "content_type": 9, "object_id": "1", "object_repr": "<h2><strong>\u6211\u4e00\u5b9a\u8981\u5b66\u597dDj", "action_flag": 2, "change_message": "[]"}}, {"model": "admin.logentry", "pk": 42, "fields": {"action_time": null, "user": 14, "content_type": 9, "object_id": "1", "object_repr": "<div><strong>\u6211\u4e00\u5b9a\u8981\u5b66\u597dD", "action_flag": 2, "change_message": "[{\"changed\": {\"fields\": [\"body\"]}}]"}}, {"model": "admin.logentry", "pk": 43, "fields": {"action_time": null, "user": 14, "content_type": 9, "object_id": "1", "object_repr": "<p><strong>\u6211\u4e00\u5b9a\u8981\u5b66\u597dDja", "action_flag": 2, "change_message": "[{\"changed\": {\"fields\": [\"body\"]}}]"}}, {"model": "admin.logentry", "pk": 44, "fields": {"action_time": null, "user": 14, "content_type": 9, "object_id": "1", "object_repr": "<p><strong>\u6211\u4e00\u5b9a\u8981\u5b66\u597dDja", "action_flag": 2, "change_message": "[{\"changed\": {\"fields\": [\"body\"]}}]"}}, {"model": "admin.logentry", "pk": 45, "fields": {"action_time": null, "user": 14, "content_type": 4, "object_id": "16", "object_repr": "testname", "action_flag": 3, "change_message": ""}}, {"model": "admin.logentry", "pk": 46, "fields": {"action_time": null, "user": 14, "content_type": 4, "object_id": "17", "object_repr": "testname", "action_flag": 1, "change_message": "[{\"added\": {}}]"}}, {"model": "admin.logentry", "pk": 47, "fields": {"action_time": null, "user": 14, "content_type": 4, "object_id": "18", "object_repr": "testname2", "action_flag": 1, "change_message": "[{\"added\": {}}]"}}, {"model": "admin.logentry", "pk": 48, "fields": {"action_time": null, "user": 14, "content_type": 4, "object_id": "18", "object_repr": "testname2", "action_flag": 2, "change_message": "[{\"changed\": {\"name\": \"profile\", \"object\": \"user testname2\", \"fields\": [\"phone\"]}}]"}}, {"model": "admin.logentry", "pk": 49, "fields": {"action_time": null, "user": 14, "content_type": 4, "object_id": "18", "object_repr": "testname2", "action_flag": 2, "change_message": "[{\"changed\": {\"name\": \"profile\", \"object\": \"user testname2\", \"fields\": [\"bio\"]}}]"}}, {"model": "admin.logentry", "pk": 50, "fields": {"action_time": null, "user": 14, "content_type": 4, "object_id": "19", "object_repr": "testname3", "action_flag": 1, "change_message": "[{\"added\": {}}, {\"added\": {\"name\": \"profile\", \"object\": \"user testname3\"}}]"}}, {"model": "admin.logentry", "pk": 51, "fields": {"action_time": null, "user": 14, "content_type": 4, "object_id": "20", "object_repr": "testname4", "action_flag": 1, "change_message": "[{\"added\": {}}, {\"added\": {\"name\": \"profile\", \"object\": \"user testname4\"}}]"}}, {"model": "admin.logentry", "pk": 52, "fields": {"action_time": null, "user": 14, "content_type": 9, "object_id": "36", "object_repr": "<p>\u54c8\u54c8</p>", "action_flag": 3, "change_message": ""}}, {"model": "admin.logentry", "pk": 53, "fields": {"action_time": null, "user": 14, "content_type": 9, "object_id": "37", "object_repr": "<p>\u8c22\u8c22</p>", "action_flag": 3, "change_message": ""}}, {"model": "admin.logentry", "pk": 54, "fields": {"action_time": null, "user": 14, "content_type": 9, "object_id": "38", "object_repr": "<p>\u7ee7\u7eed\u6d4b\u8bd5<img alt=\"lau", "action_flag": 3, "change_message": ""}}, {"model": "admin.logentry", "pk": 55, "fields": {"action_time": null, "user": 14, "content_type": 9, "object_id": "39", "object_repr": "<p>\u4e00\u5207\u6b63\u5e38<img alt=\"ind", "action_flag": 3, "change_message": ""}}, {"model": "admin.logentry", "pk": 56, "fields": {"action_time": null, "user": 14, "content_type": 9, "object_id": "40", "object_repr": "<p>1</p>", "action_flag": 3, "change_message": ""}}, {"model": "admin.logentry", "pk": 57, "fields": {"action_time": null, "user": 14, "content_type": 9, "object_id": "41", "object_repr": "<p>2</p>", "action_flag": 3, "change_message": ""}}, {"model": "admin.logentry", "pk": 58, "fields": {"action_time": null, "user": 14, "content_type": 9, "object_id": "43", "object_repr": "<p>\u7b2c\u4e8c\u6b21\u6d4b\u8bd5<img alt=\"la", "action_flag": 3, "change_message": ""}}, {"model": "admin.logentry", "pk": 59, "fields": {"action_time": null, "user": 14, "content_type": 4, "object_id": "17", "object_repr": "testname", "action_flag": 3, "change_message": ""}}, {"model": "admin.logentry", "pk": 60, "fields": {"action_time": null, "user": 14, "content_type": 4, "object_id": "18", "object_repr": "testname2", "action_flag": 3, "change_message": ""}}, {"model": "admin.logentry", "pk": 61, "fields": {"action_time": null, "user": 14, "content_type": 4, "object_id": "19", "object_repr": "testname3", "action_flag": 3, "change_message": ""}}, {"model": "admin.logentry", "pk": 62, "fields": {"action_time": null, "user": 14, "content_type": 4, "object_id": "20", "object_repr": "testname4", "action_flag": 3, "change_message": ""}}, {"model": "admin.logentry", "pk": 63, "fields": {"action_time": null, "user": 14, "content_type": 4, "object_id": "14", "object_repr": "dusai", "action_flag": 2, "change_message": "[{\"changed\": {\"fields\": [\"password\"]}}]"}}, {"model": "admin.logentry", "pk": 64, "fields": {"action_time": null, "user": 14, "content_type": 4, "object_id": "15", "object_repr": "diaowei", "action_flag": 2, "change_message": "[{\"changed\": {\"fields\": [\"password\"]}}]"}}, {"model": "admin.logentry", "pk": 65, "fields": {"action_time": null, "user": 14, "content_type": 4, "object_id": "14", "object_repr": "dusai", "action_flag": 2, "change_message": "[{\"changed\": {\"fields\": [\"password\"]}}]"}}, {"model": "admin.logentry", "pk": 66, "fields": {"action_time": null, "user": 14, "content_type": 9, "object_id": "58", "object_repr": "<p>test again<img al", "action_flag": 3, "change_message": ""}}, {"model": "admin.logentry", "pk": 67, "fields": {"action_time": null, "user": 14, "content_type": 9, "object_id": "64", "object_repr": "<p><img alt=\"heart\" ", "action_flag": 3, "change_message": ""}}, {"model": "admin.logentry", "pk": 68, "fields": {"action_time": null, "user": 14, "content_type": 9, "object_id": "65", "object_repr": "<p><img alt=\"angel\" ", "action_flag": 3, "change_message": ""}}, {"model": "admin.logentry", "pk": 69, "fields": {"action_time": null, "user": 14, "content_type": 9, "object_id": "66", "object_repr": "<p><img alt=\"crying\"", "action_flag": 3, "change_message": ""}}, {"model": "admin.logentry", "pk": 70, "fields": {"action_time": null, "user": 14, "content_type": 9, "object_id": "68", "object_repr": "<p><img alt=\"frown\" ", "action_flag": 3, "change_message": ""}}, {"model": "admin.logentry", "pk": 71, "fields": {"action_time": null, "user": 14, "content_type": 9, "object_id": "69", "object_repr": "<p><img alt=\"enlight", "action_flag": 3, "change_message": ""}}, {"model": "admin.logentry", "pk": 72, "fields": {"action_time": null, "user": 14, "content_type": 9, "object_id": "70", "object_repr": "<p><img alt=\"surpris", "action_flag": 3, "change_message": ""}}, {"model": "admin.logentry", "pk": 73, "fields": {"action_time": null, "user": 14, "content_type": 9, "object_id": "71", "object_repr": "<p><img alt=\"surpris", "action_flag": 3, "change_message": ""}}, {"model": "admin.logentry", "pk": 74, "fields": {"action_time": null, "user": 14, "content_type": 9, "object_id": "72", "object_repr": "<p><img alt=\"angry\" ", "action_flag": 3, "change_message": ""}}, {"model": "admin.logentry", "pk": 75, "fields": {"action_time": null, "user": 14, "content_type": 9, "object_id": "73", "object_repr": "<p><img alt=\"angel\" ", "action_flag": 3, "change_message": ""}}, {"model": "admin.logentry", "pk": 76, "fields": {"action_time": null, "user": 14, "content_type": 9, "object_id": "74", "object_repr": "<p>\u706f\u6ce1\u540e\u9762~</p>", "action_flag": 3, "change_message": ""}}, {"model": "admin.logentry", "pk": 77, "fields": {"action_time": null, "user": 14, "content_type": 9, "object_id": "75", "object_repr": "<p>\u6258\u5c14\u65af\u6cf0</p>", "action_flag": 3, "change_message": ""}}, {"model": "admin.logentry", "pk": 78, "fields": {"action_time": null, "user": 14, "content_type": 9, "object_id": "76", "object_repr": "<p>111</p>", "action_flag": 3, "change_message": ""}}, {"model": "admin.logentry", "pk": 79, "fields": {"action_time": null, "user": 14, "content_type": 9, "object_id": "77", "object_repr": "<p>222</p>", "action_flag": 3, "change_message": ""}}, {"model": "admin.logentry", "pk": 80, "fields": {"action_time": null, "user": 14, "content_type": 9, "object_id": "78", "object_repr": "<p>222</p>", "action_flag": 3, "change_message": ""}}, {"model": "admin.logentry", "pk": 81, "fields": {"action_time": null, "user": 14, "content_type": 9, "object_id": "79", "object_repr": "<p>333</p>", "action_flag": 3, "change_message": ""}}, {"model": "admin.logentry", "pk": 82, "fields": {"action_time": null, "user": 14, "content_type": 9, "object_id": "80", "object_repr": "<p>333</p>", "action_flag": 3, "change_message": ""}}, {"model": "admin.logentry", "pk": 83, "fields": {"action_time": null, "user": 14, "content_type": 9, "object_id": "81", "object_repr": "<p>444</p>", "action_flag": 3, "change_message": ""}}, {"model": "admin.logentry", "pk": 84, "fields": {"action_time": null, "user": 14, "content_type": 9, "object_id": "82", "object_repr": "<p>\u591a\u5bf9\u591a</p>", "action_flag": 3, "change_message": ""}}, {"model": "admin.logentry", "pk": 85, "fields": {"action_time": null, "user": 14, "content_type": 9, "object_id": "83", "object_repr": "<p>\u554a\u554a\u554a</p>", "action_flag": 3, "change_message": ""}}, {"model": "admin.logentry", "pk": 86, "fields": {"action_time": null, "user": 14, "content_type": 9, "object_id": "84", "object_repr": "<p>111</p>", "action_flag": 3, "change_message": ""}}, {"model": "admin.logentry", "pk": 87, "fields": {"action_time": null, "user": 14, "content_type": 9, "object_id": "85", "object_repr": "<p>\u6697\u6697</p>", "action_flag": 3, "change_message": ""}}, {"model": "admin.logentry", "pk": 88, "fields": {"action_time": null, "user": 14, "content_type": 9, "object_id": "67", "object_repr": "<p><img alt=\"laugh\" ", "action_flag": 3, "change_message": ""}}, {"model": "admin.logentry", "pk": 89, "fields": {"action_time": null, "user": 14, "content_type": 9, "object_id": "57", "object_repr": "<p><img alt=\"yes\" he", "action_flag": 3, "change_message": ""}}, {"model": "admin.logentry", "pk": 90, "fields": {"action_time": null, "user": 14, "content_type": 9, "object_id": "62", "object_repr": "<p>\u6d4b\u8bd5\u8bc4\u8bba\u540e\u8df3\u8f6c\u951a\u70b9</p>", "action_flag": 3, "change_message": ""}}, {"model": "admin.logentry", "pk": 91, "fields": {"action_time": null, "user": 14, "content_type": 9, "object_id": "63", "object_repr": "<p>test again</p>", "action_flag": 3, "change_message": ""}}, {"model": "admin.logentry", "pk": 92, "fields": {"action_time": null, "user": 14, "content_type": 9, "object_id": "52", "object_repr": "<p><img alt=\"cool\" h", "action_flag": 3, "change_message": ""}}, {"model": "admin.logentry", "pk": 93, "fields": {"action_time": null, "user": 14, "content_type": 9, "object_id": "53", "object_repr": "<p>\u56de\u590d\u7ed9\u81ea\u5df1<img alt=\"su", "action_flag": 3, "change_message": ""}}, {"model": "admin.logentry", "pk": 94, "fields": {"action_time": null, "user": 14, "content_type": 9, "object_id": "44", "object_repr": "<p>\u7ee7\u7eed\u6d4b\u8bd5</p>", "action_flag": 3, "change_message": ""}}, {"model": "admin.logentry", "pk": 95, "fields": {"action_time": null, "user": 14, "content_type": 9, "object_id": "45", "object_repr": "<p>\u6700\u540e\u4e00\u6b21</p>", "action_flag": 3, "change_message": ""}}, {"model": "admin.logentry", "pk": 96, "fields": {"action_time": null, "user": 14, "content_type": 9, "object_id": "61", "object_repr": "<p><img alt=\"yes\" he", "action_flag": 3, "change_message": ""}}, {"model": "admin.logentry", "pk": 97, "fields": {"action_time": null, "user": 14, "content_type": 9, "object_id": "56", "object_repr": "<p><img alt=\"mail\" h", "action_flag": 3, "change_message": ""}}, {"model": "admin.logentry", "pk": 98, "fields": {"action_time": null, "user": 14, "content_type": 9, "object_id": "59", "object_repr": "<p>\u6d4b\u8bd5\u951a\u70b9\u529f\u80fd</p>", "action_flag": 3, "change_message": ""}}, {"model": "admin.logentry", "pk": 99, "fields": {"action_time": null, "user": 14, "content_type": 9, "object_id": "60", "object_repr": "<p>\u6d4b\u8bd5\u951a\u70b9\u529f\u80fd2</p>", "action_flag": 3, "change_message": ""}}, {"model": "admin.logentry", "pk": 100, "fields": {"action_time": null, "user": 14, "content_type": 9, "object_id": "88", "object_repr": "<p>\u7684\u5b59\u83f2\u83f2</p>", "action_flag": 3, "change_message": ""}}, {"model": "admin.logentry", "pk": 101, "fields": {"action_time": null, "user": 14, "content_type": 9, "object_id": "89", "object_repr": "<p><img alt=\"cheeky\"", "action_flag": 3, "change_message": ""}}, {"model": "admin.logentry", "pk": 102, "fields": {"action_time": null, "user": 14, "content_type": 9, "object_id": "86", "object_repr": "<p>123</p>", "action_flag": 3, "change_message": ""}}, {"model": "admin.logentry", "pk": 103, "fields": {"action_time": null, "user": 14, "content_type": 9, "object_id": "87", "object_repr": "<p>\u54ce\u54ce\u54ce</p>", "action_flag": 3, "change_message": ""}}, {"model": "admin.logentry", "pk": 104, "fields": {"action_time": null, "user": 14, "content_type": 9, "object_id": "51", "object_repr": "<p><img alt=\"heart\" ", "action_flag": 3, "change_message": ""}}, {"model": "admin.logentry", "pk": 105, "fields": {"action_time": null, "user": 14, "content_type": 9, "object_id": "54", "object_repr": "<p>\u56de\u590d\u7ed9\u535a\u4e3b\u54df</p>", "action_flag": 3, "change_message": ""}}, {"model": "admin.logentry", "pk": 106, "fields": {"action_time": null, "user": 14, "content_type": 9, "object_id": "55", "object_repr": "<p>\u563f\u563f~</p>", "action_flag": 3, "change_message": ""}}, {"model": "admin.logentry", "pk": 107, "fields": {"action_time": null, "user": 14, "content_type": 4, "object_id": "14", "object_repr": "dusai", "action_flag": 2, "change_message": "[{\"changed\": {\"name\": \"profile\", \"object\": \"user dusai\", \"fields\": [\"phone\"]}}]"}}, {"model": "admin.logentry", "pk": 108, "fields": {"action_time": null, "user": 14, "content_type": 4, "object_id": "21", "object_repr": "test", "action_flag": 1, "change_message": "[{\"added\": {}}]"}}, {"model": "admin.logentry", "pk": 109, "fields": {"action_time": null, "user": 14, "content_type": 4, "object_id": "21", "object_repr": "test", "action_flag": 3, "change_message": ""}}, {"model": "admin.logentry", "pk": 110, "fields": {"action_time": null, "user": 14, "content_type": 4, "object_id": "22", "object_repr": "test", "action_flag": 1, "change_message": "[{\"added\": {}}, {\"added\": {\"name\": \"profile\", \"object\": \"user test\"}}]"}}, {"model": "admin.logentry", "pk": 111, "fields": {"action_time": null, "user": 14, "content_type": 4, "object_id": "22", "object_repr": "test", "action_flag": 2, "change_message": "[{\"changed\": {\"name\": \"profile\", \"object\": \"user test\", \"fields\": [\"phone\"]}}]"}}, {"model": "admin.logentry", "pk": 112, "fields": {"action_time": null, "user": 14, "content_type": 4, "object_id": "23", "object_repr": "test2", "action_flag": 1, "change_message": "[{\"added\": {}}, {\"added\": {\"name\": \"profile\", \"object\": \"user test2\"}}]"}}, {"model": "admin.logentry", "pk": 113, "fields": {"action_time": null, "user": 14, "content_type": 4, "object_id": "23", "object_repr": "test2", "action_flag": 2, "change_message": "[{\"changed\": {\"name\": \"profile\", \"object\": \"user test2\", \"fields\": [\"phone\"]}}]"}}, {"model": "admin.logentry", "pk": 114, "fields": {"action_time": null, "user": 14, "content_type": 4, "object_id": "22", "object_repr": "test", "action_flag": 2, "change_message": "[]"}}, {"model": "admin.logentry", "pk": 115, "fields": {"action_time": null, "user": 14, "content_type": 4, "object_id": "22", "object_repr": "test", "action_flag": 2, "change_message": "[]"}}, {"model": "admin.logentry", "pk": 116, "fields": {"action_time": null, "user": 14, "content_type": 4, "object_id": "14", "object_repr": "dusai", "action_flag": 2, "change_message": "[]"}}, {"model": "admin.logentry", "pk": 117, "fields": {"action_time": null, "user": 14, "content_type": 4, "object_id": "24", "object_repr": "test3", "action_flag": 1, "change_message": "[{\"added\": {}}, {\"added\": {\"name\": \"profile\", \"object\": \"user test3\"}}]"}}, {"model": "admin.logentry", "pk": 118, "fields": {"action_time": null, "user": 14, "content_type": 4, "object_id": "24", "object_repr": "test3", "action_flag": 2, "change_message": "[]"}}, {"model": "admin.logentry", "pk": 119, "fields": {"action_time": null, "user": 14, "content_type": 4, "object_id": "14", "object_repr": "dusai", "action_flag": 2, "change_message": "[]"}}, {"model": "admin.logentry", "pk": 120, "fields": {"action_time": null, "user": 14, "content_type": 4, "object_id": "14", "object_repr": "dusai", "action_flag": 2, "change_message": "[]"}}, {"model": "admin.logentry", "pk": 121, "fields": {"action_time": null, "user": 14, "content_type": 4, "object_id": "14", "object_repr": "dusai", "action_flag": 2, "change_message": "[{\"changed\": {\"name\": \"profile\", \"object\": \"user dusai\", \"fields\": [\"phone\"]}}]"}}, {"model": "admin.logentry", "pk": 122, "fields": {"action_time": null, "user": 14, "content_type": 4, "object_id": "14", "object_repr": "dusai", "action_flag": 2, "change_message": "[{\"changed\": {\"name\": \"profile\", \"object\": \"user dusai\", \"fields\": [\"phone\"]}}]"}}, {"model": "admin.logentry", "pk": 123, "fields": {"action_time": null, "user": 14, "content_type": 4, "object_id": "14", "object_repr": "dusai", "action_flag": 2, "change_message": "[]"}}, {"model": "admin.logentry", "pk": 124, "fields": {"action_time": null, "user": 14, "content_type": 4, "object_id": "25", "object_repr": "test7", "action_flag": 1, "change_message": "[{\"added\": {}}, {\"added\": {\"name\": \"profile\", \"object\": \"user test7\"}}]"}}, {"model": "admin.logentry", "pk": 125, "fields": {"action_time": null, "user": 14, "content_type": 4, "object_id": "14", "object_repr": "dusai", "action_flag": 2, "change_message": "[{\"changed\": {\"name\": \"profile\", \"object\": \"user dusai\", \"fields\": [\"phone\"]}}]"}}, {"model": "admin.logentry", "pk": 126, "fields": {"action_time": null, "user": 14, "content_type": 4, "object_id": "14", "object_repr": "dusai", "action_flag": 2, "change_message": "[{\"changed\": {\"name\": \"profile\", \"object\": \"user dusai\", \"fields\": [\"phone\"]}}]"}}, {"model": "admin.logentry", "pk": 127, "fields": {"action_time": null, "user": 14, "content_type": 4, "object_id": "28", "object_repr": "test10", "action_flag": 1, "change_message": "[{\"added\": {}}, {\"added\": {\"name\": \"profile\", \"object\": \"user test10\"}}]"}}, {"model": "admin.logentry", "pk": 128, "fields": {"action_time": null, "user": 14, "content_type": 4, "object_id": "22", "object_repr": "test", "action_flag": 3, "change_message": ""}}, {"model": "admin.logentry", "pk": 129, "fields": {"action_time": null, "user": 14, "content_type": 4, "object_id": "28", "object_repr": "test10", "action_flag": 3, "change_message": ""}}, {"model": "admin.logentry", "pk": 130, "fields": {"action_time": null, "user": 14, "content_type": 4, "object_id": "23", "object_repr": "test2", "action_flag": 3, "change_message": ""}}, {"model": "admin.logentry", "pk": 131, "fields": {"action_time": null, "user": 14, "content_type": 4, "object_id": "24", "object_repr": "test3", "action_flag": 3, "change_message": ""}}, {"model": "admin.logentry", "pk": 132, "fields": {"action_time": null, "user": 14, "content_type": 4, "object_id": "25", "object_repr": "test7", "action_flag": 3, "change_message": ""}}, {"model": "admin.logentry", "pk": 133, "fields": {"action_time": null, "user": 14, "content_type": 4, "object_id": "26", "object_repr": "test8", "action_flag": 3, "change_message": ""}}, {"model": "admin.logentry", "pk": 134, "fields": {"action_time": null, "user": 14, "content_type": 4, "object_id": "27", "object_repr": "test9", "action_flag": 3, "change_message": ""}}, {"model": "admin.logentry", "pk": 135, "fields": {"action_time": null, "user": 14, "content_type": 4, "object_id": "31", "object_repr": "test", "action_flag": 1, "change_message": "[{\"added\": {}}]"}}, {"model": "admin.logentry", "pk": 136, "fields": {"action_time": null, "user": 14, "content_type": 4, "object_id": "32", "object_repr": "test1", "action_flag": 1, "change_message": "[{\"added\": {}}, {\"added\": {\"name\": \"profile\", \"object\": \"user test1\"}}]"}}, {"model": "admin.logentry", "pk": 137, "fields": {"action_time": null, "user": 14, "content_type": 14, "object_id": "1", "object_repr": "http://127.0.0.1:8000", "action_flag": 2, "change_message": "[{\"changed\": {\"fields\": [\"domain\", \"name\"]}}]"}}, {"model": "admin.logentry", "pk": 138, "fields": {"action_time": null, "user": 14, "content_type": 18, "object_id": "1", "object_repr": "GitHub", "action_flag": 1, "change_message": "[{\"added\": {}}]"}}, {"model": "admin.logentry", "pk": 139, "fields": {"action_time": null, "user": 14, "content_type": 18, "object_id": "1", "object_repr": "GitHub", "action_flag": 2, "change_message": "[{\"changed\": {\"fields\": [\"sites\"]}}]"}}, {"model": "admin.logentry", "pk": 140, "fields": {"action_time": null, "user": 14, "content_type": 4, "object_id": "40", "object_repr": "dusaiphoto", "action_flag": 3, "change_message": ""}}, {"model": "admin.logentry", "pk": 141, "fields": {"action_time": null, "user": 14, "content_type": 4, "object_id": "39", "object_repr": "test100", "action_flag": 3, "change_message": ""}}, {"model": "admin.logentry", "pk": 142, "fields": {"action_time": null, "user": 14, "content_type": 4, "object_id": "35", "object_repr": "test30", "action_flag": 3, "change_message": ""}}, {"model": "admin.logentry", "pk": 143, "fields": {"action_time": null, "user": 14, "content_type": 4, "object_id": "36", "object_repr": "test35", "action_flag": 3, "change_message": ""}}, {"model": "admin.logentry", "pk": 144, "fields": {"action_time": null, "user": 14, "content_type": 4, "object_id": "37", "object_repr": "test40", "action_flag": 3, "change_message": ""}}, {"model": "admin.logentry", "pk": 145, "fields": {"action_time": null, "user": 14, "content_type": 4, "object_id": "38", "object_repr": "test45", "action_flag": 3, "change_message": ""}}, {"model": "admin.logentry", "pk": 146, "fields": {"action_time": null, "user": 14, "content_type": 18, "object_id": "1", "object_repr": "GitHub", "action_flag": 2, "change_message": "[{\"changed\": {\"fields\": [\"client_id\", \"secret\"]}}]"}}]